source_record	raw_record_sha256	subject	source_column	source_literal	source_citation	object_curie	predicate	relation	primary_knowledge_source	knowledge_level	agent_type	value_encoding	disposition	identity_status	identity_approved	evidence_uri	curation_rationale
sha256:0c6ff730a108720a5d6972400f2bccf2eca8621713b62736abdf5df0fb188c95#record=10618	bc4e64cabf1a2021694c2122e8380edaf11bd1126c35f65fc78718594020fc14	lpsn:777788	Bergey_Substrates_for_end_products	H2+CO2	https://doi.org/10.1002/9781118960608.gbm00495	kgmicrobe.compound:h2_co2	biolink:consumes	RO:0002438	infores:bergey-manual	knowledge_assertion	manual_agent	backslash	reported_joint_substrate_condition	unresolved	false	https://doi.org/10.1002/9781118960608.gbm00495|https://github.com/CultureBotAI/MediaIngredientMech/blob/1848b0fe521bc2462f165912fcf92d09ad9a8cec/data/ingredients/mapped/H2_CO2.yaml	Preserve all 93 Bergey and 5 Literature observations as joint conditions with original citations; no global gas ratio, no independent H2-only or CO2-only utilization. Chemical identity remains unresolved; this disposition neither redirects the existing object nor changes the source assertion.
sha256:0c6ff730a108720a5d6972400f2bccf2eca8621713b62736abdf5df0fb188c95#record=10623	04eb78620b5547915c34970cf1692a5ff6ece21384124be4b0509bd5e312cdd4	lpsn:777791	Bergey_Substrates_for_end_products	H2+CO2	https://doi.org/10.1002/9781118960608.gbm00495	kgmicrobe.compound:h2_co2	biolink:consumes	RO:0002438	infores:bergey-manual	knowledge_assertion	manual_agent	backslash	reported_joint_substrate_condition	unresolved	false	https://doi.org/10.1002/9781118960608.gbm00495|https://github.com/CultureBotAI/MediaIngredientMech/blob/1848b0fe521bc2462f165912fcf92d09ad9a8cec/data/ingredients/mapped/H2_CO2.yaml	Preserve all 93 Bergey and 5 Literature observations as joint conditions with original citations; no global gas ratio, no independent H2-only or CO2-only utilization. Chemical identity remains unresolved; this disposition neither redirects the existing object nor changes the source assertion.
sha256:0c6ff730a108720a5d6972400f2bccf2eca8621713b62736abdf5df0fb188c95#record=10625	5d665968ef0eb9cf807a9fbb481350b71603344cd59d41d509a2dcf76796a3aa	lpsn:777794	Bergey_Substrates_for_end_products	H2+CO2	https://doi.org/10.1002/9781118960608.gbm00495	kgmicrobe.compound:h2_co2	biolink:consumes	RO:0002438	infores:bergey-manual	knowledge_assertion	manual_agent	backslash	reported_joint_substrate_condition	unresolved	false	https://doi.org/10.1002/9781118960608.gbm00495|https://github.com/CultureBotAI/MediaIngredientMech/blob/1848b0fe521bc2462f165912fcf92d09ad9a8cec/data/ingredients/mapped/H2_CO2.yaml	Preserve all 93 Bergey and 5 Literature observations as joint conditions with original citations; no global gas ratio, no independent H2-only or CO2-only utilization. Chemical identity remains unresolved; this disposition neither redirects the existing object nor changes the source assertion.
sha256:0c6ff730a108720a5d6972400f2bccf2eca8621713b62736abdf5df0fb188c95#record=10628	d0a2a577d33d89e7958c9b5f863b6523460ccd4b3da77fe9922e6d1128a8d874	lpsn:777795	Bergey_Substrates_for_end_products	H2+CO2	https://doi.org/10.1002/9781118960608.gbm00495	kgmicrobe.compound:h2_co2	biolink:consumes	RO:0002438	infores:bergey-manual	knowledge_assertion	manual_agent	backslash	reported_joint_substrate_condition	unresolved	false	https://doi.org/10.1002/9781118960608.gbm00495|https://github.com/CultureBotAI/MediaIngredientMech/blob/1848b0fe521bc2462f165912fcf92d09ad9a8cec/data/ingredients/mapped/H2_CO2.yaml	Preserve all 93 Bergey and 5 Literature observations as joint conditions with original citations; no global gas ratio, no independent H2-only or CO2-only utilization. Chemical identity remains unresolved; this disposition neither redirects the existing object nor changes the source assertion.
sha256:0c6ff730a108720a5d6972400f2bccf2eca8621713b62736abdf5df0fb188c95#record=10629	f8825f32606a16aaf1afa10eec5997e00f8e1bab2f6f163088c383ec894052e4	lpsn:777796	Bergey_Substrates_for_end_products	H2+CO2	https://doi.org/10.1002/9781118960608.gbm00495	kgmicrobe.compound:h2_co2	biolink:consumes	RO:0002438	infores:bergey-manual	knowledge_assertion	manual_agent	backslash	reported_joint_substrate_condition	unresolved	false	https://doi.org/10.1002/9781118960608.gbm00495|https://github.com/CultureBotAI/MediaIngredientMech/blob/1848b0fe521bc2462f165912fcf92d09ad9a8cec/data/ingredients/mapped/H2_CO2.yaml	Preserve all 93 Bergey and 5 Literature observations as joint conditions with original citations; no global gas ratio, no independent H2-only or CO2-only utilization. Chemical identity remains unresolved; this disposition neither redirects the existing object nor changes the source assertion.
sha256:0c6ff730a108720a5d6972400f2bccf2eca8621713b62736abdf5df0fb188c95#record=10636	2f2f08b91257b3a5e9351a4a1b63548f7883838b29715d5a4db61383043e1552	lpsn:777799	Bergey_Substrates_for_end_products	H2+CO2	https://doi.org/10.1002/9781118960608.gbm00495	kgmicrobe.compound:h2_co2	biolink:consumes	RO:0002438	infores:bergey-manual	knowledge_assertion	manual_agent	backslash	reported_joint_substrate_condition	unresolved	false	https://doi.org/10.1002/9781118960608.gbm00495|https://github.com/CultureBotAI/MediaIngredientMech/blob/1848b0fe521bc2462f165912fcf92d09ad9a8cec/data/ingredients/mapped/H2_CO2.yaml	Preserve all 93 Bergey and 5 Literature observations as joint conditions with original citations; no global gas ratio, no independent H2-only or CO2-only utilization. Chemical identity remains unresolved; this disposition neither redirects the existing object nor changes the source assertion.
sha256:0c6ff730a108720a5d6972400f2bccf2eca8621713b62736abdf5df0fb188c95#record=10639	42a0d9849545ff98181f3cad432efa4a69258d0e4a7f6315d0e3bf726e16b968	lpsn:777802	Bergey_Substrates_for_end_products	H2+CO2	https://doi.org/10.1002/9781118960608.gbm00495	kgmicrobe.compound:h2_co2	biolink:consumes	RO:0002438	infores:bergey-manual	knowledge_assertion	manual_agent	backslash	reported_joint_substrate_condition	unresolved	false	https://doi.org/10.1002/9781118960608.gbm00495|https://github.com/CultureBotAI/MediaIngredientMech/blob/1848b0fe521bc2462f165912fcf92d09ad9a8cec/data/ingredients/mapped/H2_CO2.yaml	Preserve all 93 Bergey and 5 Literature observations as joint conditions with original citations; no global gas ratio, no independent H2-only or CO2-only utilization. Chemical identity remains unresolved; this disposition neither redirects the existing object nor changes the source assertion.
sha256:0c6ff730a108720a5d6972400f2bccf2eca8621713b62736abdf5df0fb188c95#record=10641	dc921bc803d9526a6ab1560a0ca0874d1ab12623cf533a5c826ba4ce416b80d6	lpsn:777813	Bergey_Substrates_for_end_products	H2+CO2	https://doi.org/10.1002/9781118960608.gbm00495	kgmicrobe.compound:h2_co2	biolink:consumes	RO:0002438	infores:bergey-manual	knowledge_assertion	manual_agent	backslash	reported_joint_substrate_condition	unresolved	false	https://doi.org/10.1002/9781118960608.gbm00495|https://github.com/CultureBotAI/MediaIngredientMech/blob/1848b0fe521bc2462f165912fcf92d09ad9a8cec/data/ingredients/mapped/H2_CO2.yaml	Preserve all 93 Bergey and 5 Literature observations as joint conditions with original citations; no global gas ratio, no independent H2-only or CO2-only utilization. Chemical identity remains unresolved; this disposition neither redirects the existing object nor changes the source assertion.
sha256:0c6ff730a108720a5d6972400f2bccf2eca8621713b62736abdf5df0fb188c95#record=10644	130724d6ef839e8d9ceee617cd69b7087ca4eb92517109d882b90b2932502fbe	lpsn:798636	Bergey_Substrates_for_end_products	H2+CO2	https://doi.org/10.1002/9781118960608.gbm00496	kgmicrobe.compound:h2_co2	biolink:consumes	RO:0002438	infores:bergey-manual	knowledge_assertion	manual_agent	backslash	reported_joint_substrate_condition	unresolved	false	https://doi.org/10.1002/9781118960608.gbm00496|https://github.com/CultureBotAI/MediaIngredientMech/blob/1848b0fe521bc2462f165912fcf92d09ad9a8cec/data/ingredients/mapped/H2_CO2.yaml	Preserve all 93 Bergey and 5 Literature observations as joint conditions with original citations; no global gas ratio, no independent H2-only or CO2-only utilization. Chemical identity remains unresolved; this disposition neither redirects the existing object nor changes the source assertion.
sha256:0c6ff730a108720a5d6972400f2bccf2eca8621713b62736abdf5df0fb188c95#record=10645	48ed1eee359bda3240a766672378a70e7f357222006a07aff5ab75417375a432	lpsn:791278	Literature_Substrates_for_end_products	H2+CO2	Lee, J. H. et al. Methanobrevibacter boviskoreani sp. nov., isolated from the rumen of Korean native cattle. Int J Syst Evol Microbiol 63, 4196-4201, doi:10.1099/ijs.0.054056-0 (2013).	kgmicrobe.compound:h2_co2	biolink:consumes	RO:0002438	infores:microbedecoder-literature	knowledge_assertion	manual_agent	backslash	reported_joint_substrate_condition	unresolved	false	https://doi.org/10.1099/ijs.0.054056-0|https://github.com/CultureBotAI/MediaIngredientMech/blob/1848b0fe521bc2462f165912fcf92d09ad9a8cec/data/ingredients/mapped/H2_CO2.yaml	Preserve all 93 Bergey and 5 Literature observations as joint conditions with original citations; no global gas ratio, no independent H2-only or CO2-only utilization. Chemical identity remains unresolved; this disposition neither redirects the existing object nor changes the source assertion.
sha256:0c6ff730a108720a5d6972400f2bccf2eca8621713b62736abdf5df0fb188c95#record=10646	ae91e036e321435e3722e022250ca58d2b7439b18d3e6734f482c67fb88a5514	lpsn:777819	Bergey_Substrates_for_end_products	H2+CO2	https://doi.org/10.1002/9781118960608.gbm00496	kgmicrobe.compound:h2_co2	biolink:consumes	RO:0002438	infores:bergey-manual	knowledge_assertion	manual_agent	backslash	reported_joint_substrate_condition	unresolved	false	https://doi.org/10.1002/9781118960608.gbm00496|https://github.com/CultureBotAI/MediaIngredientMech/blob/1848b0fe521bc2462f165912fcf92d09ad9a8cec/data/ingredients/mapped/H2_CO2.yaml	Preserve all 93 Bergey and 5 Literature observations as joint conditions with original citations; no global gas ratio, no independent H2-only or CO2-only utilization. Chemical identity remains unresolved; this disposition neither redirects the existing object nor changes the source assertion.
sha256:0c6ff730a108720a5d6972400f2bccf2eca8621713b62736abdf5df0fb188c95#record=10647	f09f13726e1e448bf35025ff98815e67e6881f8d2856944fee166a298e798e1b	lpsn:777820	Bergey_Substrates_for_end_products	H2+CO2	https://doi.org/10.1002/9781118960608.gbm00496	kgmicrobe.compound:h2_co2	biolink:consumes	RO:0002438	infores:bergey-manual	knowledge_assertion	manual_agent	backslash	reported_joint_substrate_condition	unresolved	false	https://doi.org/10.1002/9781118960608.gbm00496|https://github.com/CultureBotAI/MediaIngredientMech/blob/1848b0fe521bc2462f165912fcf92d09ad9a8cec/data/ingredients/mapped/H2_CO2.yaml	Preserve all 93 Bergey and 5 Literature observations as joint conditions with original citations; no global gas ratio, no independent H2-only or CO2-only utilization. Chemical identity remains unresolved; this disposition neither redirects the existing object nor changes the source assertion.
sha256:0c6ff730a108720a5d6972400f2bccf2eca8621713b62736abdf5df0fb188c95#record=10648	94b10f4e79cc7c079209a92c1cdf7306e11531a0c1b3ab2b9cace86b180e0750	lpsn:777821	Bergey_Substrates_for_end_products	H2+CO2	https://doi.org/10.1002/9781118960608.gbm00496	kgmicrobe.compound:h2_co2	biolink:consumes	RO:0002438	infores:bergey-manual	knowledge_assertion	manual_agent	backslash	reported_joint_substrate_condition	unresolved	false	https://doi.org/10.1002/9781118960608.gbm00496|https://github.com/CultureBotAI/MediaIngredientMech/blob/1848b0fe521bc2462f165912fcf92d09ad9a8cec/data/ingredients/mapped/H2_CO2.yaml	Preserve all 93 Bergey and 5 Literature observations as joint conditions with original citations; no global gas ratio, no independent H2-only or CO2-only utilization. Chemical identity remains unresolved; this disposition neither redirects the existing object nor changes the source assertion.
sha256:0c6ff730a108720a5d6972400f2bccf2eca8621713b62736abdf5df0fb188c95#record=10651	2716bcda36b469f19600634680230bda7d60f99dadb57e83c230354906225226	lpsn:786018	Literature_Substrates_for_end_products	H2+CO2	Rea, S., Bowman, J. P., Popovski, S., Pimm, C. & Wright, A. G. Methanobrevibacter millerae sp. nov. and Methanobrevibacter olleyae sp. nov., methanogens from the ovine and bovine rumen that can utilize formate for growth. Int J Syst Evol Microbiol 57, 450-456, doi:10.1099/ijs.0.63984-0 (2007).	kgmicrobe.compound:h2_co2	biolink:consumes	RO:0002438	infores:microbedecoder-literature	knowledge_assertion	manual_agent	backslash	reported_joint_substrate_condition	unresolved	false	https://doi.org/10.1099/ijs.0.63984-0|https://github.com/CultureBotAI/MediaIngredientMech/blob/1848b0fe521bc2462f165912fcf92d09ad9a8cec/data/ingredients/mapped/H2_CO2.yaml	Preserve all 93 Bergey and 5 Literature observations as joint conditions with original citations; no global gas ratio, no independent H2-only or CO2-only utilization. Chemical identity remains unresolved; this disposition neither redirects the existing object nor changes the source assertion.
sha256:0c6ff730a108720a5d6972400f2bccf2eca8621713b62736abdf5df0fb188c95#record=10652	a7fb5861bef154d430fa5d413da27b491adeecfcecd7f29e9cd3fee8bdd7726c	lpsn:786019	Literature_Substrates_for_end_products	H2+CO2	Rea, S., Bowman, J. P., Popovski, S., Pimm, C. & Wright, A. G. Methanobrevibacter millerae sp. nov. and Methanobrevibacter olleyae sp. nov., methanogens from the ovine and bovine rumen that can utilize formate for growth. Int J Syst Evol Microbiol 57, 450-456, doi:10.1099/ijs.0.63984-0 (2007).	kgmicrobe.compound:h2_co2	biolink:consumes	RO:0002438	infores:microbedecoder-literature	knowledge_assertion	manual_agent	backslash	reported_joint_substrate_condition	unresolved	false	https://doi.org/10.1099/ijs.0.63984-0|https://github.com/CultureBotAI/MediaIngredientMech/blob/1848b0fe521bc2462f165912fcf92d09ad9a8cec/data/ingredients/mapped/H2_CO2.yaml	Preserve all 93 Bergey and 5 Literature observations as joint conditions with original citations; no global gas ratio, no independent H2-only or CO2-only utilization. Chemical identity remains unresolved; this disposition neither redirects the existing object nor changes the source assertion.
sha256:0c6ff730a108720a5d6972400f2bccf2eca8621713b62736abdf5df0fb188c95#record=10653	8c47a3deb25553106a9a3ff49b6baafadfdfc9dbf91850057a489ba90b86b955	lpsn:777824	Bergey_Substrates_for_end_products	H2+CO2	https://doi.org/10.1002/9781118960608.gbm00496	kgmicrobe.compound:h2_co2	biolink:consumes	RO:0002438	infores:bergey-manual	knowledge_assertion	manual_agent	backslash	reported_joint_substrate_condition	unresolved	false	https://doi.org/10.1002/9781118960608.gbm00496|https://github.com/CultureBotAI/MediaIngredientMech/blob/1848b0fe521bc2462f165912fcf92d09ad9a8cec/data/ingredients/mapped/H2_CO2.yaml	Preserve all 93 Bergey and 5 Literature observations as joint conditions with original citations; no global gas ratio, no independent H2-only or CO2-only utilization. Chemical identity remains unresolved; this disposition neither redirects the existing object nor changes the source assertion.
sha256:0c6ff730a108720a5d6972400f2bccf2eca8621713b62736abdf5df0fb188c95#record=10654	de5a3eaf699ad34892df0c5a35f26fd1d5163441326245c47c945b8cf98202d5	lpsn:777825	Bergey_Substrates_for_end_products	H2+CO2	https://doi.org/10.1002/9781118960608.gbm00496	kgmicrobe.compound:h2_co2	biolink:consumes	RO:0002438	infores:bergey-manual	knowledge_assertion	manual_agent	backslash	reported_joint_substrate_condition	unresolved	false	https://doi.org/10.1002/9781118960608.gbm00496|https://github.com/CultureBotAI/MediaIngredientMech/blob/1848b0fe521bc2462f165912fcf92d09ad9a8cec/data/ingredients/mapped/H2_CO2.yaml	Preserve all 93 Bergey and 5 Literature observations as joint conditions with original citations; no global gas ratio, no independent H2-only or CO2-only utilization. Chemical identity remains unresolved; this disposition neither redirects the existing object nor changes the source assertion.
sha256:0c6ff730a108720a5d6972400f2bccf2eca8621713b62736abdf5df0fb188c95#record=10654	de5a3eaf699ad34892df0c5a35f26fd1d5163441326245c47c945b8cf98202d5	lpsn:777825	Literature_Substrates_for_end_products	H2+CO2	Smith, P. H. & Hungate, R. E. Isolation and characterization of Methanobacterium ruminantium n. sp. J Bacteriol 75, 713-718, doi:10.1128/jb.75.6.713-718.1958 (1958).	kgmicrobe.compound:h2_co2	biolink:consumes	RO:0002438	infores:microbedecoder-literature	knowledge_assertion	manual_agent	backslash	reported_joint_substrate_condition	unresolved	false	https://doi.org/10.1128/jb.75.6.713-718.1958|https://github.com/CultureBotAI/MediaIngredientMech/blob/1848b0fe521bc2462f165912fcf92d09ad9a8cec/data/ingredients/mapped/H2_CO2.yaml	Preserve all 93 Bergey and 5 Literature observations as joint conditions with original citations; no global gas ratio, no independent H2-only or CO2-only utilization. Chemical identity remains unresolved; this disposition neither redirects the existing object nor changes the source assertion.
sha256:0c6ff730a108720a5d6972400f2bccf2eca8621713b62736abdf5df0fb188c95#record=10655	c981cea593707914642ccb81697d87ebbe3f943bece9fe20bb58dd03af89a73e	lpsn:777826	Bergey_Substrates_for_end_products	H2+CO2	https://doi.org/10.1002/9781118960608.gbm00496	kgmicrobe.compound:h2_co2	biolink:consumes	RO:0002438	infores:bergey-manual	knowledge_assertion	manual_agent	backslash	reported_joint_substrate_condition	unresolved	false	https://doi.org/10.1002/9781118960608.gbm00496|https://github.com/CultureBotAI/MediaIngredientMech/blob/1848b0fe521bc2462f165912fcf92d09ad9a8cec/data/ingredients/mapped/H2_CO2.yaml	Preserve all 93 Bergey and 5 Literature observations as joint conditions with original citations; no global gas ratio, no independent H2-only or CO2-only utilization. Chemical identity remains unresolved; this disposition neither redirects the existing object nor changes the source assertion.
sha256:0c6ff730a108720a5d6972400f2bccf2eca8621713b62736abdf5df0fb188c95#record=10659	ba49efe790812c116e5ed0799d0de71512b8fab70372b0f71e766784c230196a	lpsn:793302	Bergey_Substrates_for_end_products	H2+CO2	https://doi.org/10.1002/9781118960608.gbm00512.pub2	kgmicrobe.compound:h2_co2	biolink:consumes	RO:0002438	infores:bergey-manual	knowledge_assertion	manual_agent	backslash	reported_joint_substrate_condition	unresolved	false	https://doi.org/10.1002/9781118960608.gbm00512.pub2|https://github.com/CultureBotAI/MediaIngredientMech/blob/1848b0fe521bc2462f165912fcf92d09ad9a8cec/data/ingredients/mapped/H2_CO2.yaml	Preserve all 93 Bergey and 5 Literature observations as joint conditions with original citations; no global gas ratio, no independent H2-only or CO2-only utilization. Chemical identity remains unresolved; this disposition neither redirects the existing object nor changes the source assertion.
sha256:0c6ff730a108720a5d6972400f2bccf2eca8621713b62736abdf5df0fb188c95#record=10660	8c2a016f4badbdaa2fce82b6c6c4c5b7e8f18acd3e06fe8ebfbdb20ad122f4d1	lpsn:777831	Bergey_Substrates_for_end_products	H2+CO2	https://doi.org/10.1002/9781118960608.gbm00512.pub2	kgmicrobe.compound:h2_co2	biolink:consumes	RO:0002438	infores:bergey-manual	knowledge_assertion	manual_agent	backslash	reported_joint_substrate_condition	unresolved	false	https://doi.org/10.1002/9781118960608.gbm00512.pub2|https://github.com/CultureBotAI/MediaIngredientMech/blob/1848b0fe521bc2462f165912fcf92d09ad9a8cec/data/ingredients/mapped/H2_CO2.yaml	Preserve all 93 Bergey and 5 Literature observations as joint conditions with original citations; no global gas ratio, no independent H2-only or CO2-only utilization. Chemical identity remains unresolved; this disposition neither redirects the existing object nor changes the source assertion.
sha256:0c6ff730a108720a5d6972400f2bccf2eca8621713b62736abdf5df0fb188c95#record=10661	c3e411ff97d9bc2442a6386b1660f51fe643688fe19eddf6daec15b02a7752ad	lpsn:777832	Bergey_Substrates_for_end_products	H2+CO2	https://doi.org/10.1002/9781118960608.gbm00512.pub2	kgmicrobe.compound:h2_co2	biolink:consumes	RO:0002438	infores:bergey-manual	knowledge_assertion	manual_agent	backslash	reported_joint_substrate_condition	unresolved	false	https://doi.org/10.1002/9781118960608.gbm00512.pub2|https://github.com/CultureBotAI/MediaIngredientMech/blob/1848b0fe521bc2462f165912fcf92d09ad9a8cec/data/ingredients/mapped/H2_CO2.yaml	Preserve all 93 Bergey and 5 Literature observations as joint conditions with original citations; no global gas ratio, no independent H2-only or CO2-only utilization. Chemical identity remains unresolved; this disposition neither redirects the existing object nor changes the source assertion.
sha256:0c6ff730a108720a5d6972400f2bccf2eca8621713b62736abdf5df0fb188c95#record=10662	1b94c2f5a613fa5d1392946d7997b2c1411692de4664cf5acd9dcf2ca363b551	lpsn:791584	Bergey_Substrates_for_end_products	H2+CO2	https://doi.org/10.1002/9781118960608.gbm00512.pub2	kgmicrobe.compound:h2_co2	biolink:consumes	RO:0002438	infores:bergey-manual	knowledge_assertion	manual_agent	backslash	reported_joint_substrate_condition	unresolved	false	https://doi.org/10.1002/9781118960608.gbm00512.pub2|https://github.com/CultureBotAI/MediaIngredientMech/blob/1848b0fe521bc2462f165912fcf92d09ad9a8cec/data/ingredients/mapped/H2_CO2.yaml	Preserve all 93 Bergey and 5 Literature observations as joint conditions with original citations; no global gas ratio, no independent H2-only or CO2-only utilization. Chemical identity remains unresolved; this disposition neither redirects the existing object nor changes the source assertion.
sha256:0c6ff730a108720a5d6972400f2bccf2eca8621713b62736abdf5df0fb188c95#record=10663	3e2c3bfb58d6eae405bd32529b10f26029d576bc790fff1a92a42430cf2e3fdd	lpsn:777833	Bergey_Substrates_for_end_products	H2+CO2	https://doi.org/10.1002/9781118960608.gbm00512.pub2	kgmicrobe.compound:h2_co2	biolink:consumes	RO:0002438	infores:bergey-manual	knowledge_assertion	manual_agent	backslash	reported_joint_substrate_condition	unresolved	false	https://doi.org/10.1002/9781118960608.gbm00512.pub2|https://github.com/CultureBotAI/MediaIngredientMech/blob/1848b0fe521bc2462f165912fcf92d09ad9a8cec/data/ingredients/mapped/H2_CO2.yaml	Preserve all 93 Bergey and 5 Literature observations as joint conditions with original citations; no global gas ratio, no independent H2-only or CO2-only utilization. Chemical identity remains unresolved; this disposition neither redirects the existing object nor changes the source assertion.
sha256:0c6ff730a108720a5d6972400f2bccf2eca8621713b62736abdf5df0fb188c95#record=10664	184b61fde2fc74c1c94af1944d6f8e103dddf5ce52584644a0c302396cedbd6f	lpsn:777834	Bergey_Substrates_for_end_products	H2+CO2	https://doi.org/10.1002/9781118960608.gbm00512.pub2	kgmicrobe.compound:h2_co2	biolink:consumes	RO:0002438	infores:bergey-manual	knowledge_assertion	manual_agent	backslash	reported_joint_substrate_condition	unresolved	false	https://doi.org/10.1002/9781118960608.gbm00512.pub2|https://github.com/CultureBotAI/MediaIngredientMech/blob/1848b0fe521bc2462f165912fcf92d09ad9a8cec/data/ingredients/mapped/H2_CO2.yaml	Preserve all 93 Bergey and 5 Literature observations as joint conditions with original citations; no global gas ratio, no independent H2-only or CO2-only utilization. Chemical identity remains unresolved; this disposition neither redirects the existing object nor changes the source assertion.
sha256:0c6ff730a108720a5d6972400f2bccf2eca8621713b62736abdf5df0fb188c95#record=10665	98814904276e0d238442b84c1673827371b3ddfeaabe7469260194115e7bd5b3	lpsn:792680	Bergey_Substrates_for_end_products	H2+CO2	https://doi.org/10.1002/9781118960608.gbm00500.pub2	kgmicrobe.compound:h2_co2	biolink:consumes	RO:0002438	infores:bergey-manual	knowledge_assertion	manual_agent	backslash	reported_joint_substrate_condition	unresolved	false	https://doi.org/10.1002/9781118960608.gbm00500.pub2|https://github.com/CultureBotAI/MediaIngredientMech/blob/1848b0fe521bc2462f165912fcf92d09ad9a8cec/data/ingredients/mapped/H2_CO2.yaml	Preserve all 93 Bergey and 5 Literature observations as joint conditions with original citations; no global gas ratio, no independent H2-only or CO2-only utilization. Chemical identity remains unresolved; this disposition neither redirects the existing object nor changes the source assertion.
sha256:0c6ff730a108720a5d6972400f2bccf2eca8621713b62736abdf5df0fb188c95#record=10666	76d4480412403aafdc1eaaa971581bf78dbc08272e204da07a0a412f5ec21817	lpsn:777835	Bergey_Substrates_for_end_products	H2+CO2	https://doi.org/10.1002/9781118960608.gbm00500.pub2	kgmicrobe.compound:h2_co2	biolink:consumes	RO:0002438	infores:bergey-manual	knowledge_assertion	manual_agent	backslash	reported_joint_substrate_condition	unresolved	false	https://doi.org/10.1002/9781118960608.gbm00500.pub2|https://github.com/CultureBotAI/MediaIngredientMech/blob/1848b0fe521bc2462f165912fcf92d09ad9a8cec/data/ingredients/mapped/H2_CO2.yaml	Preserve all 93 Bergey and 5 Literature observations as joint conditions with original citations; no global gas ratio, no independent H2-only or CO2-only utilization. Chemical identity remains unresolved; this disposition neither redirects the existing object nor changes the source assertion.
sha256:0c6ff730a108720a5d6972400f2bccf2eca8621713b62736abdf5df0fb188c95#record=10667	c638025ddc18ae43b16238f1b9f9dcaac5d580d985df87a288f5a432db92fa41	lpsn:777836	Bergey_Substrates_for_end_products	H2+CO2	https://doi.org/10.1002/9781118960608.gbm00500.pub2	kgmicrobe.compound:h2_co2	biolink:consumes	RO:0002438	infores:bergey-manual	knowledge_assertion	manual_agent	backslash	reported_joint_substrate_condition	unresolved	false	https://doi.org/10.1002/9781118960608.gbm00500.pub2|https://github.com/CultureBotAI/MediaIngredientMech/blob/1848b0fe521bc2462f165912fcf92d09ad9a8cec/data/ingredients/mapped/H2_CO2.yaml	Preserve all 93 Bergey and 5 Literature observations as joint conditions with original citations; no global gas ratio, no independent H2-only or CO2-only utilization. Chemical identity remains unresolved; this disposition neither redirects the existing object nor changes the source assertion.
sha256:0c6ff730a108720a5d6972400f2bccf2eca8621713b62736abdf5df0fb188c95#record=10668	e1933656c001835ade4ba731c321d89c39c81f7027ee2e81f780c3766f700e04	lpsn:777837	Bergey_Substrates_for_end_products	H2+CO2	https://doi.org/10.1002/9781118960608.gbm00500.pub2	kgmicrobe.compound:h2_co2	biolink:consumes	RO:0002438	infores:bergey-manual	knowledge_assertion	manual_agent	backslash	reported_joint_substrate_condition	unresolved	false	https://doi.org/10.1002/9781118960608.gbm00500.pub2|https://github.com/CultureBotAI/MediaIngredientMech/blob/1848b0fe521bc2462f165912fcf92d09ad9a8cec/data/ingredients/mapped/H2_CO2.yaml	Preserve all 93 Bergey and 5 Literature observations as joint conditions with original citations; no global gas ratio, no independent H2-only or CO2-only utilization. Chemical identity remains unresolved; this disposition neither redirects the existing object nor changes the source assertion.
sha256:0c6ff730a108720a5d6972400f2bccf2eca8621713b62736abdf5df0fb188c95#record=10669	4d9f3e6c1df2bbe92e24298cd2ad513ad99919ca789a136d906414f18bcfa382	lpsn:777838	Bergey_Substrates_for_end_products	H2+CO2	https://doi.org/10.1002/9781118960608.gbm00500.pub2	kgmicrobe.compound:h2_co2	biolink:consumes	RO:0002438	infores:bergey-manual	knowledge_assertion	manual_agent	backslash	reported_joint_substrate_condition	unresolved	false	https://doi.org/10.1002/9781118960608.gbm00500.pub2|https://github.com/CultureBotAI/MediaIngredientMech/blob/1848b0fe521bc2462f165912fcf92d09ad9a8cec/data/ingredients/mapped/H2_CO2.yaml	Preserve all 93 Bergey and 5 Literature observations as joint conditions with original citations; no global gas ratio, no independent H2-only or CO2-only utilization. Chemical identity remains unresolved; this disposition neither redirects the existing object nor changes the source assertion.
sha256:0c6ff730a108720a5d6972400f2bccf2eca8621713b62736abdf5df0fb188c95#record=10671	a391144ec43a777a5e932c335a75b0daf8741dbf420bd54d0605f37321b5d016	lpsn:789276	Bergey_Substrates_for_end_products	H2+CO2	https://doi.org/10.1002/9781118960608.gbm00500.pub2	kgmicrobe.compound:h2_co2	biolink:consumes	RO:0002438	infores:bergey-manual	knowledge_assertion	manual_agent	backslash	reported_joint_substrate_condition	unresolved	false	https://doi.org/10.1002/9781118960608.gbm00500.pub2|https://github.com/CultureBotAI/MediaIngredientMech/blob/1848b0fe521bc2462f165912fcf92d09ad9a8cec/data/ingredients/mapped/H2_CO2.yaml	Preserve all 93 Bergey and 5 Literature observations as joint conditions with original citations; no global gas ratio, no independent H2-only or CO2-only utilization. Chemical identity remains unresolved; this disposition neither redirects the existing object nor changes the source assertion.
sha256:0c6ff730a108720a5d6972400f2bccf2eca8621713b62736abdf5df0fb188c95#record=10672	3422f2c36ed781c2333305b26dbc80225f829075a1794191bb47517a68e91546	lpsn:777839	Bergey_Substrates_for_end_products	H2+CO2	https://doi.org/10.1002/9781118960608.gbm00500.pub2	kgmicrobe.compound:h2_co2	biolink:consumes	RO:0002438	infores:bergey-manual	knowledge_assertion	manual_agent	backslash	reported_joint_substrate_condition	unresolved	false	https://doi.org/10.1002/9781118960608.gbm00500.pub2|https://github.com/CultureBotAI/MediaIngredientMech/blob/1848b0fe521bc2462f165912fcf92d09ad9a8cec/data/ingredients/mapped/H2_CO2.yaml	Preserve all 93 Bergey and 5 Literature observations as joint conditions with original citations; no global gas ratio, no independent H2-only or CO2-only utilization. Chemical identity remains unresolved; this disposition neither redirects the existing object nor changes the source assertion.
sha256:0c6ff730a108720a5d6972400f2bccf2eca8621713b62736abdf5df0fb188c95#record=10673	36d4c219b0e35aa52147966ec3e022a5b3cd52f1eed8d6cecbcaaa07b62957f8	lpsn:788945	Bergey_Substrates_for_end_products	H2+CO2	https://doi.org/10.1002/9781118960608.gbm01366	kgmicrobe.compound:h2_co2	biolink:consumes	RO:0002438	infores:bergey-manual	knowledge_assertion	manual_agent	backslash	reported_joint_substrate_condition	unresolved	false	https://doi.org/10.1002/9781118960608.gbm01366|https://github.com/CultureBotAI/MediaIngredientMech/blob/1848b0fe521bc2462f165912fcf92d09ad9a8cec/data/ingredients/mapped/H2_CO2.yaml	Preserve all 93 Bergey and 5 Literature observations as joint conditions with original citations; no global gas ratio, no independent H2-only or CO2-only utilization. Chemical identity remains unresolved; this disposition neither redirects the existing object nor changes the source assertion.
sha256:0c6ff730a108720a5d6972400f2bccf2eca8621713b62736abdf5df0fb188c95#record=10674	4e4f85e9724fbd4cda8d7579fc974b428f48bccda7d76962be34fbaf515d7bc8	lpsn:789843	Bergey_Substrates_for_end_products	H2+CO2	https://doi.org/10.1002/9781118960608.gbm01366	kgmicrobe.compound:h2_co2	biolink:consumes	RO:0002438	infores:bergey-manual	knowledge_assertion	manual_agent	backslash	reported_joint_substrate_condition	unresolved	false	https://doi.org/10.1002/9781118960608.gbm01366|https://github.com/CultureBotAI/MediaIngredientMech/blob/1848b0fe521bc2462f165912fcf92d09ad9a8cec/data/ingredients/mapped/H2_CO2.yaml	Preserve all 93 Bergey and 5 Literature observations as joint conditions with original citations; no global gas ratio, no independent H2-only or CO2-only utilization. Chemical identity remains unresolved; this disposition neither redirects the existing object nor changes the source assertion.
sha256:0c6ff730a108720a5d6972400f2bccf2eca8621713b62736abdf5df0fb188c95#record=10675	4e7f166f289a62fada2a501a82e0c0dd6610245a9a8032cfc0b2c4cb56b8a745	lpsn:787296	Bergey_Substrates_for_end_products	H2+CO2	https://doi.org/10.1002/9781118960608.gbm01366	kgmicrobe.compound:h2_co2	biolink:consumes	RO:0002438	infores:bergey-manual	knowledge_assertion	manual_agent	backslash	reported_joint_substrate_condition	unresolved	false	https://doi.org/10.1002/9781118960608.gbm01366|https://github.com/CultureBotAI/MediaIngredientMech/blob/1848b0fe521bc2462f165912fcf92d09ad9a8cec/data/ingredients/mapped/H2_CO2.yaml	Preserve all 93 Bergey and 5 Literature observations as joint conditions with original citations; no global gas ratio, no independent H2-only or CO2-only utilization. Chemical identity remains unresolved; this disposition neither redirects the existing object nor changes the source assertion.
sha256:0c6ff730a108720a5d6972400f2bccf2eca8621713b62736abdf5df0fb188c95#record=10683	8f1ef8f1eb78b97f002738f030c83114ccae01c89535d88e24545ac7349a9764	lpsn:777845	Bergey_Substrates_for_end_products	H2+CO2	https://doi.org/10.1002/9781118960608.gbm00502.pub2	kgmicrobe.compound:h2_co2	biolink:consumes	RO:0002438	infores:bergey-manual	knowledge_assertion	manual_agent	backslash	reported_joint_substrate_condition	unresolved	false	https://doi.org/10.1002/9781118960608.gbm00502.pub2|https://github.com/CultureBotAI/MediaIngredientMech/blob/1848b0fe521bc2462f165912fcf92d09ad9a8cec/data/ingredients/mapped/H2_CO2.yaml	Preserve all 93 Bergey and 5 Literature observations as joint conditions with original citations; no global gas ratio, no independent H2-only or CO2-only utilization. Chemical identity remains unresolved; this disposition neither redirects the existing object nor changes the source assertion.
sha256:0c6ff730a108720a5d6972400f2bccf2eca8621713b62736abdf5df0fb188c95#record=10684	f6b92c70d4844bbdc8600bd9ca1ba24942f7f178d2a27a2ac9c23201f4f7c898	lpsn:777853	Bergey_Substrates_for_end_products	H2+CO2	https://doi.org/10.1002/9781118960608.gbm00502.pub2	kgmicrobe.compound:h2_co2	biolink:consumes	RO:0002438	infores:bergey-manual	knowledge_assertion	manual_agent	backslash	reported_joint_substrate_condition	unresolved	false	https://doi.org/10.1002/9781118960608.gbm00502.pub2|https://github.com/CultureBotAI/MediaIngredientMech/blob/1848b0fe521bc2462f165912fcf92d09ad9a8cec/data/ingredients/mapped/H2_CO2.yaml	Preserve all 93 Bergey and 5 Literature observations as joint conditions with original citations; no global gas ratio, no independent H2-only or CO2-only utilization. Chemical identity remains unresolved; this disposition neither redirects the existing object nor changes the source assertion.
sha256:0c6ff730a108720a5d6972400f2bccf2eca8621713b62736abdf5df0fb188c95#record=10685	96cf7d02e5bb42f18b651f68671376bf50b50d79ed2e64c3f579f987582da868	lpsn:777857	Bergey_Substrates_for_end_products	H2+CO2	https://doi.org/10.1002/9781118960608.gbm00502.pub2	kgmicrobe.compound:h2_co2	biolink:consumes	RO:0002438	infores:bergey-manual	knowledge_assertion	manual_agent	backslash	reported_joint_substrate_condition	unresolved	false	https://doi.org/10.1002/9781118960608.gbm00502.pub2|https://github.com/CultureBotAI/MediaIngredientMech/blob/1848b0fe521bc2462f165912fcf92d09ad9a8cec/data/ingredients/mapped/H2_CO2.yaml	Preserve all 93 Bergey and 5 Literature observations as joint conditions with original citations; no global gas ratio, no independent H2-only or CO2-only utilization. Chemical identity remains unresolved; this disposition neither redirects the existing object nor changes the source assertion.
sha256:0c6ff730a108720a5d6972400f2bccf2eca8621713b62736abdf5df0fb188c95#record=10686	d37a176e78f9538bad11ae85837f79ac02d0b4941782945fb44c0d32e2ede53e	lpsn:777858	Bergey_Substrates_for_end_products	H2+CO2	https://doi.org/10.1002/9781118960608.gbm00502.pub2	kgmicrobe.compound:h2_co2	biolink:consumes	RO:0002438	infores:bergey-manual	knowledge_assertion	manual_agent	backslash	reported_joint_substrate_condition	unresolved	false	https://doi.org/10.1002/9781118960608.gbm00502.pub2|https://github.com/CultureBotAI/MediaIngredientMech/blob/1848b0fe521bc2462f165912fcf92d09ad9a8cec/data/ingredients/mapped/H2_CO2.yaml	Preserve all 93 Bergey and 5 Literature observations as joint conditions with original citations; no global gas ratio, no independent H2-only or CO2-only utilization. Chemical identity remains unresolved; this disposition neither redirects the existing object nor changes the source assertion.
sha256:0c6ff730a108720a5d6972400f2bccf2eca8621713b62736abdf5df0fb188c95#record=10687	bc345a2c79f99a89caee5ba654000b236780106ab1fe2fa4c4aca30362c30c54	lpsn:777861	Bergey_Substrates_for_end_products	H2+CO2	https://doi.org/10.1002/9781118960608.gbm00504.pub2	kgmicrobe.compound:h2_co2	biolink:consumes	RO:0002438	infores:bergey-manual	knowledge_assertion	manual_agent	backslash	reported_joint_substrate_condition	unresolved	false	https://doi.org/10.1002/9781118960608.gbm00504.pub2|https://github.com/CultureBotAI/MediaIngredientMech/blob/1848b0fe521bc2462f165912fcf92d09ad9a8cec/data/ingredients/mapped/H2_CO2.yaml	Preserve all 93 Bergey and 5 Literature observations as joint conditions with original citations; no global gas ratio, no independent H2-only or CO2-only utilization. Chemical identity remains unresolved; this disposition neither redirects the existing object nor changes the source assertion.
sha256:0c6ff730a108720a5d6972400f2bccf2eca8621713b62736abdf5df0fb188c95#record=10689	11f91793c49055b858f50fc6aa9c7e8b98caa4e338aef97feee8587c54e380d1	lpsn:777863	Bergey_Substrates_for_end_products	H2+CO2	https://doi.org/10.1002/9781118960608.gbm00504.pub2	kgmicrobe.compound:h2_co2	biolink:consumes	RO:0002438	infores:bergey-manual	knowledge_assertion	manual_agent	backslash	reported_joint_substrate_condition	unresolved	false	https://doi.org/10.1002/9781118960608.gbm00504.pub2|https://github.com/CultureBotAI/MediaIngredientMech/blob/1848b0fe521bc2462f165912fcf92d09ad9a8cec/data/ingredients/mapped/H2_CO2.yaml	Preserve all 93 Bergey and 5 Literature observations as joint conditions with original citations; no global gas ratio, no independent H2-only or CO2-only utilization. Chemical identity remains unresolved; this disposition neither redirects the existing object nor changes the source assertion.
sha256:0c6ff730a108720a5d6972400f2bccf2eca8621713b62736abdf5df0fb188c95#record=10690	664e1b7341b67a08592c11de73e7d946b1e0a7640f06b721de51ffe4d3aba834	lpsn:777865	Bergey_Substrates_for_end_products	H2+CO2	https://doi.org/10.1002/9781118960608.gbm00504.pub2	kgmicrobe.compound:h2_co2	biolink:consumes	RO:0002438	infores:bergey-manual	knowledge_assertion	manual_agent	backslash	reported_joint_substrate_condition	unresolved	false	https://doi.org/10.1002/9781118960608.gbm00504.pub2|https://github.com/CultureBotAI/MediaIngredientMech/blob/1848b0fe521bc2462f165912fcf92d09ad9a8cec/data/ingredients/mapped/H2_CO2.yaml	Preserve all 93 Bergey and 5 Literature observations as joint conditions with original citations; no global gas ratio, no independent H2-only or CO2-only utilization. Chemical identity remains unresolved; this disposition neither redirects the existing object nor changes the source assertion.
sha256:0c6ff730a108720a5d6972400f2bccf2eca8621713b62736abdf5df0fb188c95#record=10691	4808d4bccf91897049f6f241af4f4a7e2d5d1d2be6344cc11a9b44bfb2c3898f	lpsn:777866	Bergey_Substrates_for_end_products	H2+CO2	https://doi.org/10.1002/9781118960608.gbm00505.pub2	kgmicrobe.compound:h2_co2	biolink:consumes	RO:0002438	infores:bergey-manual	knowledge_assertion	manual_agent	backslash	reported_joint_substrate_condition	unresolved	false	https://doi.org/10.1002/9781118960608.gbm00505.pub2|https://github.com/CultureBotAI/MediaIngredientMech/blob/1848b0fe521bc2462f165912fcf92d09ad9a8cec/data/ingredients/mapped/H2_CO2.yaml	Preserve all 93 Bergey and 5 Literature observations as joint conditions with original citations; no global gas ratio, no independent H2-only or CO2-only utilization. Chemical identity remains unresolved; this disposition neither redirects the existing object nor changes the source assertion.
sha256:0c6ff730a108720a5d6972400f2bccf2eca8621713b62736abdf5df0fb188c95#record=10693	194369e8dd99c10f23712b3371e311f7f1e75ee354165cf2c3f248ee277c1e55	lpsn:777867	Bergey_Substrates_for_end_products	H2+CO2	https://doi.org/10.1002/9781118960608.gbm00505.pub2	kgmicrobe.compound:h2_co2	biolink:consumes	RO:0002438	infores:bergey-manual	knowledge_assertion	manual_agent	backslash	reported_joint_substrate_condition	unresolved	false	https://doi.org/10.1002/9781118960608.gbm00505.pub2|https://doi.org/10.1099/00207713-51-5-1663|https://github.com/CultureBotAI/MediaIngredientMech/blob/1848b0fe521bc2462f165912fcf92d09ad9a8cec/data/ingredients/mapped/H2_CO2.yaml	Preserve all 93 Bergey and 5 Literature observations as joint conditions with original citations; no global gas ratio, no independent H2-only or CO2-only utilization. Chemical identity remains unresolved; this disposition neither redirects the existing object nor changes the source assertion.
sha256:0c6ff730a108720a5d6972400f2bccf2eca8621713b62736abdf5df0fb188c95#record=10693	194369e8dd99c10f23712b3371e311f7f1e75ee354165cf2c3f248ee277c1e55	lpsn:777867	Bergey_Substrates_for_end_products	cyclopentanol+CO2	https://doi.org/10.1002/9781118960608.gbm00505.pub2	kgmicrobe.compound:cyclopentanol_co2	biolink:consumes	RO:0002438	infores:bergey-manual	knowledge_assertion	manual_agent	backslash	reported_joint_substrate_condition	unresolved	false	https://doi.org/10.1002/9781118960608.gbm00505.pub2|https://doi.org/10.1099/00207713-51-5-1663|https://github.com/CultureBotAI/MediaIngredientMech/blob/1848b0fe521bc2462f165912fcf92d09ad9a8cec/data/ingredients/mapped/CyclopentanolCO2.yaml	Records 10693/10702/10726 describe combined alcohol/CO2 context; constituent mentions are not standalone growth assertions or a complete medium. Chemical identity remains unresolved; this disposition neither redirects the existing object nor changes the source assertion. Strain-matched primary growth evidence corroborates the joint condition.
sha256:0c6ff730a108720a5d6972400f2bccf2eca8621713b62736abdf5df0fb188c95#record=10696	ff0dd807b6770e9b30fb496a1ed19637cd2b3bf04115f6d1123acd279a6b4ca4	lpsn:791244	Bergey_Substrates_for_end_products	H2+CO2	https://doi.org/10.1002/9781118960608.gbm00505.pub2	kgmicrobe.compound:h2_co2	biolink:consumes	RO:0002438	infores:bergey-manual	knowledge_assertion	manual_agent	backslash	reported_joint_substrate_condition	unresolved	false	https://doi.org/10.1002/9781118960608.gbm00505.pub2|https://github.com/CultureBotAI/MediaIngredientMech/blob/1848b0fe521bc2462f165912fcf92d09ad9a8cec/data/ingredients/mapped/H2_CO2.yaml	Preserve all 93 Bergey and 5 Literature observations as joint conditions with original citations; no global gas ratio, no independent H2-only or CO2-only utilization. Chemical identity remains unresolved; this disposition neither redirects the existing object nor changes the source assertion.
sha256:0c6ff730a108720a5d6972400f2bccf2eca8621713b62736abdf5df0fb188c95#record=10697	f80e314d087d28970bd7e167a6cf57907e2ef3d484dc435c9c066720a0c87d9b	lpsn:788724	Bergey_Substrates_for_end_products	H2+CO2	https://doi.org/10.1002/9781118960608.gbm00505.pub2	kgmicrobe.compound:h2_co2	biolink:consumes	RO:0002438	infores:bergey-manual	knowledge_assertion	manual_agent	backslash	reported_joint_substrate_condition	unresolved	false	https://doi.org/10.1002/9781118960608.gbm00505.pub2|https://github.com/CultureBotAI/MediaIngredientMech/blob/1848b0fe521bc2462f165912fcf92d09ad9a8cec/data/ingredients/mapped/H2_CO2.yaml	Preserve all 93 Bergey and 5 Literature observations as joint conditions with original citations; no global gas ratio, no independent H2-only or CO2-only utilization. Chemical identity remains unresolved; this disposition neither redirects the existing object nor changes the source assertion.
sha256:0c6ff730a108720a5d6972400f2bccf2eca8621713b62736abdf5df0fb188c95#record=10698	8ece83fb3e8cc1933b8dd2675429f927d466b3df420057504924d306e2a3ad3c	lpsn:777869	Bergey_Substrates_for_end_products	H2+CO2	https://doi.org/10.1002/9781118960608.gbm00505.pub2	kgmicrobe.compound:h2_co2	biolink:consumes	RO:0002438	infores:bergey-manual	knowledge_assertion	manual_agent	backslash	reported_joint_substrate_condition	unresolved	false	https://doi.org/10.1002/9781118960608.gbm00505.pub2|https://github.com/CultureBotAI/MediaIngredientMech/blob/1848b0fe521bc2462f165912fcf92d09ad9a8cec/data/ingredients/mapped/H2_CO2.yaml	Preserve all 93 Bergey and 5 Literature observations as joint conditions with original citations; no global gas ratio, no independent H2-only or CO2-only utilization. Chemical identity remains unresolved; this disposition neither redirects the existing object nor changes the source assertion.
sha256:0c6ff730a108720a5d6972400f2bccf2eca8621713b62736abdf5df0fb188c95#record=10702	1209ab79a35cf36fd64dead699ffb4017d9bcc9b6467043d9ebc56fd579e3ed8	lpsn:777872	Bergey_Substrates_for_end_products	H2+CO2	https://doi.org/10.1002/9781118960608.gbm00505.pub2	kgmicrobe.compound:h2_co2	biolink:consumes	RO:0002438	infores:bergey-manual	knowledge_assertion	manual_agent	backslash	reported_joint_substrate_condition	unresolved	false	https://doi.org/10.1002/9781118960608.gbm00505.pub2|https://pubmed.ncbi.nlm.nih.gov/9828413/|https://github.com/CultureBotAI/MediaIngredientMech/blob/1848b0fe521bc2462f165912fcf92d09ad9a8cec/data/ingredients/mapped/H2_CO2.yaml	Preserve all 93 Bergey and 5 Literature observations as joint conditions with original citations; no global gas ratio, no independent H2-only or CO2-only utilization. Chemical identity remains unresolved; this disposition neither redirects the existing object nor changes the source assertion.
sha256:0c6ff730a108720a5d6972400f2bccf2eca8621713b62736abdf5df0fb188c95#record=10702	1209ab79a35cf36fd64dead699ffb4017d9bcc9b6467043d9ebc56fd579e3ed8	lpsn:777872	Bergey_Substrates_for_end_products	cyclopentanol+CO2	https://doi.org/10.1002/9781118960608.gbm00505.pub2	kgmicrobe.compound:cyclopentanol_co2	biolink:consumes	RO:0002438	infores:bergey-manual	knowledge_assertion	manual_agent	backslash	reported_joint_substrate_condition	unresolved	false	https://doi.org/10.1002/9781118960608.gbm00505.pub2|https://doi.org/10.1099/00207713-48-4-1281|https://github.com/CultureBotAI/MediaIngredientMech/blob/1848b0fe521bc2462f165912fcf92d09ad9a8cec/data/ingredients/mapped/CyclopentanolCO2.yaml	Records 10693/10702/10726 describe combined alcohol/CO2 context; constituent mentions are not standalone growth assertions or a complete medium. Chemical identity remains unresolved; this disposition neither redirects the existing object nor changes the source assertion. Strain-matched primary growth evidence corroborates the joint condition.
sha256:0c6ff730a108720a5d6972400f2bccf2eca8621713b62736abdf5df0fb188c95#record=10703	e83d71c7f278921114ad303a953be4b09340c206277d7f139a679746ecc42966	lpsn:787509	Bergey_Substrates_for_end_products	H2+CO2	https://doi.org/10.1002/9781118960608.gbm00505.pub2	kgmicrobe.compound:h2_co2	biolink:consumes	RO:0002438	infores:bergey-manual	knowledge_assertion	manual_agent	backslash	reported_joint_substrate_condition	unresolved	false	https://doi.org/10.1002/9781118960608.gbm00505.pub2|https://github.com/CultureBotAI/MediaIngredientMech/blob/1848b0fe521bc2462f165912fcf92d09ad9a8cec/data/ingredients/mapped/H2_CO2.yaml	Preserve all 93 Bergey and 5 Literature observations as joint conditions with original citations; no global gas ratio, no independent H2-only or CO2-only utilization. Chemical identity remains unresolved; this disposition neither redirects the existing object nor changes the source assertion.
sha256:0c6ff730a108720a5d6972400f2bccf2eca8621713b62736abdf5df0fb188c95#record=10704	811867271bac19e3b81fb1a478d713c66629bcf95c7f833e462b7509df875755	lpsn:792906	Bergey_Substrates_for_end_products	H2+CO2	https://doi.org/10.1002/9781118960608.gbm00505.pub2	kgmicrobe.compound:h2_co2	biolink:consumes	RO:0002438	infores:bergey-manual	knowledge_assertion	manual_agent	backslash	reported_joint_substrate_condition	unresolved	false	https://doi.org/10.1002/9781118960608.gbm00505.pub2|https://github.com/CultureBotAI/MediaIngredientMech/blob/1848b0fe521bc2462f165912fcf92d09ad9a8cec/data/ingredients/mapped/H2_CO2.yaml	Preserve all 93 Bergey and 5 Literature observations as joint conditions with original citations; no global gas ratio, no independent H2-only or CO2-only utilization. Chemical identity remains unresolved; this disposition neither redirects the existing object nor changes the source assertion.
sha256:0c6ff730a108720a5d6972400f2bccf2eca8621713b62736abdf5df0fb188c95#record=10705	99b34a44da3e04e281c61a37843f02148c6e92997c09dd6dddce452ccae5ee79	lpsn:777874	Bergey_Substrates_for_end_products	H2+CO2	https://doi.org/10.1002/9781118960608.gbm00505.pub2	kgmicrobe.compound:h2_co2	biolink:consumes	RO:0002438	infores:bergey-manual	knowledge_assertion	manual_agent	backslash	reported_joint_substrate_condition	unresolved	false	https://doi.org/10.1002/9781118960608.gbm00505.pub2|https://github.com/CultureBotAI/MediaIngredientMech/blob/1848b0fe521bc2462f165912fcf92d09ad9a8cec/data/ingredients/mapped/H2_CO2.yaml	Preserve all 93 Bergey and 5 Literature observations as joint conditions with original citations; no global gas ratio, no independent H2-only or CO2-only utilization. Chemical identity remains unresolved; this disposition neither redirects the existing object nor changes the source assertion.
sha256:0c6ff730a108720a5d6972400f2bccf2eca8621713b62736abdf5df0fb188c95#record=10706	e0b22c86aaf481daaea28d5995f90f7b6c37d0bb7adb1c8ad6538b80ade51c23	lpsn:792631	Bergey_Substrates_for_end_products	H2+CO2	https://doi.org/10.1002/9781118960608.gbm00505.pub2	kgmicrobe.compound:h2_co2	biolink:consumes	RO:0002438	infores:bergey-manual	knowledge_assertion	manual_agent	backslash	reported_joint_substrate_condition	unresolved	false	https://doi.org/10.1002/9781118960608.gbm00505.pub2|https://github.com/CultureBotAI/MediaIngredientMech/blob/1848b0fe521bc2462f165912fcf92d09ad9a8cec/data/ingredients/mapped/H2_CO2.yaml	Preserve all 93 Bergey and 5 Literature observations as joint conditions with original citations; no global gas ratio, no independent H2-only or CO2-only utilization. Chemical identity remains unresolved; this disposition neither redirects the existing object nor changes the source assertion.
sha256:0c6ff730a108720a5d6972400f2bccf2eca8621713b62736abdf5df0fb188c95#record=10707	a568222001ec2ee40fe2ea1d613c96a8068420ff140561d691c7d1efe1e06950	lpsn:777875	Bergey_Substrates_for_end_products	H2+CO2	https://doi.org/10.1002/9781118960608.gbm00507.pub2	kgmicrobe.compound:h2_co2	biolink:consumes	RO:0002438	infores:bergey-manual	knowledge_assertion	manual_agent	backslash	reported_joint_substrate_condition	unresolved	false	https://doi.org/10.1002/9781118960608.gbm00507.pub2|https://github.com/CultureBotAI/MediaIngredientMech/blob/1848b0fe521bc2462f165912fcf92d09ad9a8cec/data/ingredients/mapped/H2_CO2.yaml	Preserve all 93 Bergey and 5 Literature observations as joint conditions with original citations; no global gas ratio, no independent H2-only or CO2-only utilization. Chemical identity remains unresolved; this disposition neither redirects the existing object nor changes the source assertion.
sha256:0c6ff730a108720a5d6972400f2bccf2eca8621713b62736abdf5df0fb188c95#record=10709	5cca9d5f6c861416dbf1f60ac605ac5df1acd66885fdb1f012f8ab2469b473e0	lpsn:800706	Bergey_Substrates_for_end_products	H2+CO2	https://doi.org/10.1002/9781118960608.gbm02050	kgmicrobe.compound:h2_co2	biolink:consumes	RO:0002438	infores:bergey-manual	knowledge_assertion	manual_agent	backslash	reported_joint_substrate_condition	unresolved	false	https://doi.org/10.1002/9781118960608.gbm02050|https://github.com/CultureBotAI/MediaIngredientMech/blob/1848b0fe521bc2462f165912fcf92d09ad9a8cec/data/ingredients/mapped/H2_CO2.yaml	Preserve all 93 Bergey and 5 Literature observations as joint conditions with original citations; no global gas ratio, no independent H2-only or CO2-only utilization. Chemical identity remains unresolved; this disposition neither redirects the existing object nor changes the source assertion.
sha256:0c6ff730a108720a5d6972400f2bccf2eca8621713b62736abdf5df0fb188c95#record=10710	05227fcf12ee035d2c22436404bf4bc83fb3ce55bd1b6fc1330014c997f17d5b	lpsn:777876	Bergey_Substrates_for_end_products	H2+CO2	https://doi.org/10.1002/9781118960608.gbm00506.pub2	kgmicrobe.compound:h2_co2	biolink:consumes	RO:0002438	infores:bergey-manual	knowledge_assertion	manual_agent	backslash	reported_joint_substrate_condition	unresolved	false	https://doi.org/10.1002/9781118960608.gbm00506.pub2|https://github.com/CultureBotAI/MediaIngredientMech/blob/1848b0fe521bc2462f165912fcf92d09ad9a8cec/data/ingredients/mapped/H2_CO2.yaml	Preserve all 93 Bergey and 5 Literature observations as joint conditions with original citations; no global gas ratio, no independent H2-only or CO2-only utilization. Chemical identity remains unresolved; this disposition neither redirects the existing object nor changes the source assertion.
sha256:0c6ff730a108720a5d6972400f2bccf2eca8621713b62736abdf5df0fb188c95#record=10711	26945a98e2e83c80bf65086500d31a23c3095169fc540bcc758336708ede23da	lpsn:787763	Bergey_Substrates_for_end_products	H2+CO2	https://doi.org/10.1002/9781118960608.gbm00506.pub2	kgmicrobe.compound:h2_co2	biolink:consumes	RO:0002438	infores:bergey-manual	knowledge_assertion	manual_agent	backslash	reported_joint_substrate_condition	unresolved	false	https://doi.org/10.1002/9781118960608.gbm00506.pub2|https://github.com/CultureBotAI/MediaIngredientMech/blob/1848b0fe521bc2462f165912fcf92d09ad9a8cec/data/ingredients/mapped/H2_CO2.yaml	Preserve all 93 Bergey and 5 Literature observations as joint conditions with original citations; no global gas ratio, no independent H2-only or CO2-only utilization. Chemical identity remains unresolved; this disposition neither redirects the existing object nor changes the source assertion.
sha256:0c6ff730a108720a5d6972400f2bccf2eca8621713b62736abdf5df0fb188c95#record=10713	30f05984bb52f641a174056de75636e0f8e19d6afcd52b4bfe514c9d8894cc76	lpsn:777877	Bergey_Substrates_for_end_products	H2+CO2	https://doi.org/10.1002/9781118960608.gbm00506.pub2	kgmicrobe.compound:h2_co2	biolink:consumes	RO:0002438	infores:bergey-manual	knowledge_assertion	manual_agent	backslash	reported_joint_substrate_condition	unresolved	false	https://doi.org/10.1002/9781118960608.gbm00506.pub2|https://github.com/CultureBotAI/MediaIngredientMech/blob/1848b0fe521bc2462f165912fcf92d09ad9a8cec/data/ingredients/mapped/H2_CO2.yaml	Preserve all 93 Bergey and 5 Literature observations as joint conditions with original citations; no global gas ratio, no independent H2-only or CO2-only utilization. Chemical identity remains unresolved; this disposition neither redirects the existing object nor changes the source assertion.
sha256:0c6ff730a108720a5d6972400f2bccf2eca8621713b62736abdf5df0fb188c95#record=10714	eba9f9c1c2af7b8cb274fa0226cc5175d280cf1a55ce29b6b0f0ed8689216d76	lpsn:777878	Bergey_Substrates_for_end_products	H2+CO2	https://doi.org/10.1002/9781118960608.gbm00506.pub2	kgmicrobe.compound:h2_co2	biolink:consumes	RO:0002438	infores:bergey-manual	knowledge_assertion	manual_agent	backslash	reported_joint_substrate_condition	unresolved	false	https://doi.org/10.1002/9781118960608.gbm00506.pub2|https://github.com/CultureBotAI/MediaIngredientMech/blob/1848b0fe521bc2462f165912fcf92d09ad9a8cec/data/ingredients/mapped/H2_CO2.yaml	Preserve all 93 Bergey and 5 Literature observations as joint conditions with original citations; no global gas ratio, no independent H2-only or CO2-only utilization. Chemical identity remains unresolved; this disposition neither redirects the existing object nor changes the source assertion.
sha256:0c6ff730a108720a5d6972400f2bccf2eca8621713b62736abdf5df0fb188c95#record=10715	61bf1e03c12cd29443888d4a596316d3d5505edb1c7792050c65f418d7e4392d	lpsn:777879	Bergey_Substrates_for_end_products	H2+CO2	https://doi.org/10.1002/9781118960608.gbm00506.pub2	kgmicrobe.compound:h2_co2	biolink:consumes	RO:0002438	infores:bergey-manual	knowledge_assertion	manual_agent	backslash	reported_joint_substrate_condition	unresolved	false	https://doi.org/10.1002/9781118960608.gbm00506.pub2|https://github.com/CultureBotAI/MediaIngredientMech/blob/1848b0fe521bc2462f165912fcf92d09ad9a8cec/data/ingredients/mapped/H2_CO2.yaml	Preserve all 93 Bergey and 5 Literature observations as joint conditions with original citations; no global gas ratio, no independent H2-only or CO2-only utilization. Chemical identity remains unresolved; this disposition neither redirects the existing object nor changes the source assertion.
sha256:0c6ff730a108720a5d6972400f2bccf2eca8621713b62736abdf5df0fb188c95#record=10716	138effad108f97837410a3b1d5299afae939b76590f916e5fb350226096a0209	lpsn:777882	Bergey_Substrates_for_end_products	H2+CO2	https://doi.org/10.1002/9781118960608.gbm00507.pub2	kgmicrobe.compound:h2_co2	biolink:consumes	RO:0002438	infores:bergey-manual	knowledge_assertion	manual_agent	backslash	reported_joint_substrate_condition	unresolved	false	https://doi.org/10.1002/9781118960608.gbm00507.pub2|https://github.com/CultureBotAI/MediaIngredientMech/blob/1848b0fe521bc2462f165912fcf92d09ad9a8cec/data/ingredients/mapped/H2_CO2.yaml	Preserve all 93 Bergey and 5 Literature observations as joint conditions with original citations; no global gas ratio, no independent H2-only or CO2-only utilization. Chemical identity remains unresolved; this disposition neither redirects the existing object nor changes the source assertion.
sha256:0c6ff730a108720a5d6972400f2bccf2eca8621713b62736abdf5df0fb188c95#record=10717	1bb74ebc87249db0a8f0531b5c387771d298c1ece9a7ef2edbcedc8b9c9781c0	lpsn:777883	Bergey_Substrates_for_end_products	H2+CO2	https://doi.org/10.1002/9781118960608.gbm00507.pub2	kgmicrobe.compound:h2_co2	biolink:consumes	RO:0002438	infores:bergey-manual	knowledge_assertion	manual_agent	backslash	reported_joint_substrate_condition	unresolved	false	https://doi.org/10.1002/9781118960608.gbm00507.pub2|https://github.com/CultureBotAI/MediaIngredientMech/blob/1848b0fe521bc2462f165912fcf92d09ad9a8cec/data/ingredients/mapped/H2_CO2.yaml	Preserve all 93 Bergey and 5 Literature observations as joint conditions with original citations; no global gas ratio, no independent H2-only or CO2-only utilization. Chemical identity remains unresolved; this disposition neither redirects the existing object nor changes the source assertion.
sha256:0c6ff730a108720a5d6972400f2bccf2eca8621713b62736abdf5df0fb188c95#record=10718	386d80fca70f39637f2c8f508fe42b5d020b35d0d5cca3ef77b994482ec4a8bf	lpsn:777886	Bergey_Substrates_for_end_products	H2+CO2	https://doi.org/10.1002/9781118960608.gbm00507.pub2	kgmicrobe.compound:h2_co2	biolink:consumes	RO:0002438	infores:bergey-manual	knowledge_assertion	manual_agent	backslash	reported_joint_substrate_condition	unresolved	false	https://doi.org/10.1002/9781118960608.gbm00507.pub2|https://github.com/CultureBotAI/MediaIngredientMech/blob/1848b0fe521bc2462f165912fcf92d09ad9a8cec/data/ingredients/mapped/H2_CO2.yaml	Preserve all 93 Bergey and 5 Literature observations as joint conditions with original citations; no global gas ratio, no independent H2-only or CO2-only utilization. Chemical identity remains unresolved; this disposition neither redirects the existing object nor changes the source assertion.
sha256:0c6ff730a108720a5d6972400f2bccf2eca8621713b62736abdf5df0fb188c95#record=10719	49941a6aa6912b5584e7bfe92563300d0fa5bae39ec181de8ad4b0fce14d108b	lpsn:777889	Bergey_Substrates_for_end_products	H2+CO2	https://doi.org/10.1002/9781118960608.gbm00507.pub2	kgmicrobe.compound:h2_co2	biolink:consumes	RO:0002438	infores:bergey-manual	knowledge_assertion	manual_agent	backslash	reported_joint_substrate_condition	unresolved	false	https://doi.org/10.1002/9781118960608.gbm00507.pub2|https://github.com/CultureBotAI/MediaIngredientMech/blob/1848b0fe521bc2462f165912fcf92d09ad9a8cec/data/ingredients/mapped/H2_CO2.yaml	Preserve all 93 Bergey and 5 Literature observations as joint conditions with original citations; no global gas ratio, no independent H2-only or CO2-only utilization. Chemical identity remains unresolved; this disposition neither redirects the existing object nor changes the source assertion.
sha256:0c6ff730a108720a5d6972400f2bccf2eca8621713b62736abdf5df0fb188c95#record=10726	56f1c4ed8f7660bf553131b96177a4f67acbda5702df9b81d30db9f1d7995ac3	lpsn:777902	Bergey_Substrates_for_end_products	H2+CO2	https://doi.org/10.1002/9781118960608.gbm00508.pub2	kgmicrobe.compound:h2_co2	biolink:consumes	RO:0002438	infores:bergey-manual	knowledge_assertion	manual_agent	backslash	reported_joint_substrate_condition	unresolved	false	https://doi.org/10.1002/9781118960608.gbm00508.pub2|https://doi.org/10.1111/j.1574-6968.1989.tb03130.x|https://github.com/CultureBotAI/MediaIngredientMech/blob/1848b0fe521bc2462f165912fcf92d09ad9a8cec/data/ingredients/mapped/H2_CO2.yaml	Preserve all 93 Bergey and 5 Literature observations as joint conditions with original citations; no global gas ratio, no independent H2-only or CO2-only utilization. Chemical identity remains unresolved; this disposition neither redirects the existing object nor changes the source assertion.
sha256:0c6ff730a108720a5d6972400f2bccf2eca8621713b62736abdf5df0fb188c95#record=10726	56f1c4ed8f7660bf553131b96177a4f67acbda5702df9b81d30db9f1d7995ac3	lpsn:777902	Bergey_Substrates_for_end_products	cyclopentanol+CO2	https://doi.org/10.1002/9781118960608.gbm00508.pub2	kgmicrobe.compound:cyclopentanol_co2	biolink:consumes	RO:0002438	infores:bergey-manual	knowledge_assertion	manual_agent	backslash	reported_joint_substrate_condition	unresolved	false	https://doi.org/10.1002/9781118960608.gbm00508.pub2|https://doi.org/10.1111/j.1574-6968.1989.tb03130.x|https://github.com/CultureBotAI/MediaIngredientMech/blob/1848b0fe521bc2462f165912fcf92d09ad9a8cec/data/ingredients/mapped/CyclopentanolCO2.yaml	Records 10693/10702/10726 describe combined alcohol/CO2 context; constituent mentions are not standalone growth assertions or a complete medium. Chemical identity remains unresolved; this disposition neither redirects the existing object nor changes the source assertion. The 1989 abstract includes the older taxon name in enzyme assays; do not infer strain-specific growth without the full result table.
sha256:0c6ff730a108720a5d6972400f2bccf2eca8621713b62736abdf5df0fb188c95#record=10727	412022337ae68f09e741b3c7171dfba2f49f985bb23b3d449c3e77bcd5d59e5b	lpsn:792474	Bergey_Substrates_for_end_products	H2+CO2	https://doi.org/10.1002/9781118960608.gbm00508.pub2	kgmicrobe.compound:h2_co2	biolink:consumes	RO:0002438	infores:bergey-manual	knowledge_assertion	manual_agent	backslash	reported_joint_substrate_condition	unresolved	false	https://doi.org/10.1002/9781118960608.gbm00508.pub2|https://github.com/CultureBotAI/MediaIngredientMech/blob/1848b0fe521bc2462f165912fcf92d09ad9a8cec/data/ingredients/mapped/H2_CO2.yaml	Preserve all 93 Bergey and 5 Literature observations as joint conditions with original citations; no global gas ratio, no independent H2-only or CO2-only utilization. Chemical identity remains unresolved; this disposition neither redirects the existing object nor changes the source assertion.
sha256:0c6ff730a108720a5d6972400f2bccf2eca8621713b62736abdf5df0fb188c95#record=10728	14a336f5d64dfa6323efb3a639ab383024b1827d8b28cc08f802fae524986ec9	lpsn:789915	Bergey_Substrates_for_end_products	H2+CO2	https://doi.org/10.1002/9781118960608.gbm01367	kgmicrobe.compound:h2_co2	biolink:consumes	RO:0002438	infores:bergey-manual	knowledge_assertion	manual_agent	backslash	reported_joint_substrate_condition	unresolved	false	https://doi.org/10.1002/9781118960608.gbm01367|https://github.com/CultureBotAI/MediaIngredientMech/blob/1848b0fe521bc2462f165912fcf92d09ad9a8cec/data/ingredients/mapped/H2_CO2.yaml	Preserve all 93 Bergey and 5 Literature observations as joint conditions with original citations; no global gas ratio, no independent H2-only or CO2-only utilization. Chemical identity remains unresolved; this disposition neither redirects the existing object nor changes the source assertion.
sha256:0c6ff730a108720a5d6972400f2bccf2eca8621713b62736abdf5df0fb188c95#record=10729	6376b051249d421802809670177037a38dc353f2a01d3def09497aa4fac28719	lpsn:787138	Bergey_Substrates_for_end_products	H2+CO2	https://doi.org/10.1002/9781118960608.gbm01367	kgmicrobe.compound:h2_co2	biolink:consumes	RO:0002438	infores:bergey-manual	knowledge_assertion	manual_agent	backslash	reported_joint_substrate_condition	unresolved	false	https://doi.org/10.1002/9781118960608.gbm01367|https://github.com/CultureBotAI/MediaIngredientMech/blob/1848b0fe521bc2462f165912fcf92d09ad9a8cec/data/ingredients/mapped/H2_CO2.yaml	Preserve all 93 Bergey and 5 Literature observations as joint conditions with original citations; no global gas ratio, no independent H2-only or CO2-only utilization. Chemical identity remains unresolved; this disposition neither redirects the existing object nor changes the source assertion.
sha256:0c6ff730a108720a5d6972400f2bccf2eca8621713b62736abdf5df0fb188c95#record=10747	ee129aaa88317ae5917dfef841d18b0d1d510af4dd2eb10b70f1a4de027a25d2	lpsn:777912	Bergey_Substrates_for_end_products	H2+CO2	https://doi.org/10.1002/9781118960608.gbm00509.pub2	kgmicrobe.compound:h2_co2	biolink:consumes	RO:0002438	infores:bergey-manual	knowledge_assertion	manual_agent	backslash	reported_joint_substrate_condition	unresolved	false	https://doi.org/10.1002/9781118960608.gbm00509.pub2|https://github.com/CultureBotAI/MediaIngredientMech/blob/1848b0fe521bc2462f165912fcf92d09ad9a8cec/data/ingredients/mapped/H2_CO2.yaml	Preserve all 93 Bergey and 5 Literature observations as joint conditions with original citations; no global gas ratio, no independent H2-only or CO2-only utilization. Chemical identity remains unresolved; this disposition neither redirects the existing object nor changes the source assertion.
sha256:0c6ff730a108720a5d6972400f2bccf2eca8621713b62736abdf5df0fb188c95#record=10747	ee129aaa88317ae5917dfef841d18b0d1d510af4dd2eb10b70f1a4de027a25d2	lpsn:777912	Literature_Substrates_for_end_products	H2+CO2	Paynter, M. J. & Hungate, R. E. Characterization of Methanobacterium mobilis, sp. n., isolated from the bovine rumen. J Bacteriol 95, 1943-1951, doi:10.1128/jb.95.5.1943-1951.1968 (1968).	kgmicrobe.compound:h2_co2	biolink:consumes	RO:0002438	infores:microbedecoder-literature	knowledge_assertion	manual_agent	backslash	reported_joint_substrate_condition	unresolved	false	https://doi.org/10.1128/jb.95.5.1943-1951.1968|https://github.com/CultureBotAI/MediaIngredientMech/blob/1848b0fe521bc2462f165912fcf92d09ad9a8cec/data/ingredients/mapped/H2_CO2.yaml	Preserve all 93 Bergey and 5 Literature observations as joint conditions with original citations; no global gas ratio, no independent H2-only or CO2-only utilization. Chemical identity remains unresolved; this disposition neither redirects the existing object nor changes the source assertion.
sha256:0c6ff730a108720a5d6972400f2bccf2eca8621713b62736abdf5df0fb188c95#record=10750	b446ba10afdbe564762f0ddf3274284f72603f3c3db0aebdfcaff0196dd59b54	lpsn:777916	Bergey_Substrates_for_end_products	H2+CO2	https://doi.org/10.1002/9781118960608.gbm00510.pub2	kgmicrobe.compound:h2_co2	biolink:consumes	RO:0002438	infores:bergey-manual	knowledge_assertion	manual_agent	backslash	reported_joint_substrate_condition	unresolved	false	https://doi.org/10.1002/9781118960608.gbm00510.pub2|https://github.com/CultureBotAI/MediaIngredientMech/blob/1848b0fe521bc2462f165912fcf92d09ad9a8cec/data/ingredients/mapped/H2_CO2.yaml	Preserve all 93 Bergey and 5 Literature observations as joint conditions with original citations; no global gas ratio, no independent H2-only or CO2-only utilization. Chemical identity remains unresolved; this disposition neither redirects the existing object nor changes the source assertion.
sha256:0c6ff730a108720a5d6972400f2bccf2eca8621713b62736abdf5df0fb188c95#record=10751	7097485fb64f76213cd106df89f3f08de8d580cf0299dcebff08e055037a24b1	lpsn:777917	Bergey_Substrates_for_end_products	H2+CO2	https://doi.org/10.1002/9781118960608.gbm00510.pub2	kgmicrobe.compound:h2_co2	biolink:consumes	RO:0002438	infores:bergey-manual	knowledge_assertion	manual_agent	backslash	reported_joint_substrate_condition	unresolved	false	https://doi.org/10.1002/9781118960608.gbm00510.pub2|https://github.com/CultureBotAI/MediaIngredientMech/blob/1848b0fe521bc2462f165912fcf92d09ad9a8cec/data/ingredients/mapped/H2_CO2.yaml	Preserve all 93 Bergey and 5 Literature observations as joint conditions with original citations; no global gas ratio, no independent H2-only or CO2-only utilization. Chemical identity remains unresolved; this disposition neither redirects the existing object nor changes the source assertion.
sha256:0c6ff730a108720a5d6972400f2bccf2eca8621713b62736abdf5df0fb188c95#record=10752	151d4dc28ccf0ab163bbb01a2660823bebb900d08b10726c8ecb19c4dee053ce	lpsn:777919	Bergey_Substrates_for_end_products	H2+CO2	https://doi.org/10.1002/9781118960608.gbm00520.pub2	kgmicrobe.compound:h2_co2	biolink:consumes	RO:0002438	infores:bergey-manual	knowledge_assertion	manual_agent	backslash	reported_joint_substrate_condition	unresolved	false	https://doi.org/10.1002/9781118960608.gbm00520.pub2|https://github.com/CultureBotAI/MediaIngredientMech/blob/1848b0fe521bc2462f165912fcf92d09ad9a8cec/data/ingredients/mapped/H2_CO2.yaml	Preserve all 93 Bergey and 5 Literature observations as joint conditions with original citations; no global gas ratio, no independent H2-only or CO2-only utilization. Chemical identity remains unresolved; this disposition neither redirects the existing object nor changes the source assertion.
sha256:0c6ff730a108720a5d6972400f2bccf2eca8621713b62736abdf5df0fb188c95#record=10753	4812057bcd3e0336f98f0dec4db13cbe6c1d1a697acb96008b91adefe5879824	lpsn:788993	Bergey_Substrates_for_end_products	H2+CO2	https://doi.org/10.1002/9781118960608.gbm01368	kgmicrobe.compound:h2_co2	biolink:consumes	RO:0002438	infores:bergey-manual	knowledge_assertion	manual_agent	backslash	reported_joint_substrate_condition	unresolved	false	https://doi.org/10.1002/9781118960608.gbm01368|https://github.com/CultureBotAI/MediaIngredientMech/blob/1848b0fe521bc2462f165912fcf92d09ad9a8cec/data/ingredients/mapped/H2_CO2.yaml	Preserve all 93 Bergey and 5 Literature observations as joint conditions with original citations; no global gas ratio, no independent H2-only or CO2-only utilization. Chemical identity remains unresolved; this disposition neither redirects the existing object nor changes the source assertion.
sha256:0c6ff730a108720a5d6972400f2bccf2eca8621713b62736abdf5df0fb188c95#record=10754	4964d753ceff67419eeeb027efd8448b44215d586bf0b9b07fe0b5be4f27f2bf	lpsn:788994	Bergey_Substrates_for_end_products	H2+CO2	https://doi.org/10.1002/9781118960608.gbm01368	kgmicrobe.compound:h2_co2	biolink:consumes	RO:0002438	infores:bergey-manual	knowledge_assertion	manual_agent	backslash	reported_joint_substrate_condition	unresolved	false	https://doi.org/10.1002/9781118960608.gbm01368|https://github.com/CultureBotAI/MediaIngredientMech/blob/1848b0fe521bc2462f165912fcf92d09ad9a8cec/data/ingredients/mapped/H2_CO2.yaml	Preserve all 93 Bergey and 5 Literature observations as joint conditions with original citations; no global gas ratio, no independent H2-only or CO2-only utilization. Chemical identity remains unresolved; this disposition neither redirects the existing object nor changes the source assertion.
sha256:0c6ff730a108720a5d6972400f2bccf2eca8621713b62736abdf5df0fb188c95#record=10759	f66197510d66c129742031964491660e462544c577c68b6c0598c2567ecd5d6e	lpsn:777927	Bergey_Substrates_for_end_products	H2+CO2	https://doi.org/10.1002/9781118960608.gbm00519.pub2	kgmicrobe.compound:h2_co2	biolink:consumes	RO:0002438	infores:bergey-manual	knowledge_assertion	manual_agent	backslash	reported_joint_substrate_condition	unresolved	false	https://doi.org/10.1002/9781118960608.gbm00519.pub2|https://github.com/CultureBotAI/MediaIngredientMech/blob/1848b0fe521bc2462f165912fcf92d09ad9a8cec/data/ingredients/mapped/H2_CO2.yaml	Preserve all 93 Bergey and 5 Literature observations as joint conditions with original citations; no global gas ratio, no independent H2-only or CO2-only utilization. Chemical identity remains unresolved; this disposition neither redirects the existing object nor changes the source assertion.
sha256:0c6ff730a108720a5d6972400f2bccf2eca8621713b62736abdf5df0fb188c95#record=10760	4bee0210e399bfad2a58aade4d08a4ead8ed8f61340a648b97f414f9e83f14da	lpsn:793919	Bergey_Substrates_for_end_products	H2+CO2	https://doi.org/10.1002/9781118960608.gbm00519.pub2	kgmicrobe.compound:h2_co2	biolink:consumes	RO:0002438	infores:bergey-manual	knowledge_assertion	manual_agent	backslash	reported_joint_substrate_condition	unresolved	false	https://doi.org/10.1002/9781118960608.gbm00519.pub2|https://github.com/CultureBotAI/MediaIngredientMech/blob/1848b0fe521bc2462f165912fcf92d09ad9a8cec/data/ingredients/mapped/H2_CO2.yaml	Preserve all 93 Bergey and 5 Literature observations as joint conditions with original citations; no global gas ratio, no independent H2-only or CO2-only utilization. Chemical identity remains unresolved; this disposition neither redirects the existing object nor changes the source assertion.
sha256:0c6ff730a108720a5d6972400f2bccf2eca8621713b62736abdf5df0fb188c95#record=10762	a382aeaab93355440590af2e4e61deac53f5e8d72baa4d9d1e2b4b1fe7c1c7a2	lpsn:777931	Bergey_Substrates_for_end_products	H2+CO2	https://doi.org/10.1002/9781118960608.gbm00519.pub2	kgmicrobe.compound:h2_co2	biolink:consumes	RO:0002438	infores:bergey-manual	knowledge_assertion	manual_agent	backslash	reported_joint_substrate_condition	unresolved	false	https://doi.org/10.1002/9781118960608.gbm00519.pub2|https://github.com/CultureBotAI/MediaIngredientMech/blob/1848b0fe521bc2462f165912fcf92d09ad9a8cec/data/ingredients/mapped/H2_CO2.yaml	Preserve all 93 Bergey and 5 Literature observations as joint conditions with original citations; no global gas ratio, no independent H2-only or CO2-only utilization. Chemical identity remains unresolved; this disposition neither redirects the existing object nor changes the source assertion.
sha256:0c6ff730a108720a5d6972400f2bccf2eca8621713b62736abdf5df0fb188c95#record=10763	2d4e71ebbd0d66b44eb83439047b8497c60dd30749539cefb1695a7ba2409b38	lpsn:777932	Bergey_Substrates_for_end_products	H2+CO2	https://doi.org/10.1002/9781118960608.gbm00519.pub2	kgmicrobe.compound:h2_co2	biolink:consumes	RO:0002438	infores:bergey-manual	knowledge_assertion	manual_agent	backslash	reported_joint_substrate_condition	unresolved	false	https://doi.org/10.1002/9781118960608.gbm00519.pub2|https://github.com/CultureBotAI/MediaIngredientMech/blob/1848b0fe521bc2462f165912fcf92d09ad9a8cec/data/ingredients/mapped/H2_CO2.yaml	Preserve all 93 Bergey and 5 Literature observations as joint conditions with original citations; no global gas ratio, no independent H2-only or CO2-only utilization. Chemical identity remains unresolved; this disposition neither redirects the existing object nor changes the source assertion.
sha256:0c6ff730a108720a5d6972400f2bccf2eca8621713b62736abdf5df0fb188c95#record=10766	eadd3b9cba3e09123441f3685281c114c9bdfb65615cbabf8b997d0aa6d9e27e	lpsn:791021	Bergey_Substrates_for_end_products	H2+CO2	https://doi.org/10.1002/9781118960608.gbm00519.pub2	kgmicrobe.compound:h2_co2	biolink:consumes	RO:0002438	infores:bergey-manual	knowledge_assertion	manual_agent	backslash	reported_joint_substrate_condition	unresolved	false	https://doi.org/10.1002/9781118960608.gbm00519.pub2|https://github.com/CultureBotAI/MediaIngredientMech/blob/1848b0fe521bc2462f165912fcf92d09ad9a8cec/data/ingredients/mapped/H2_CO2.yaml	Preserve all 93 Bergey and 5 Literature observations as joint conditions with original citations; no global gas ratio, no independent H2-only or CO2-only utilization. Chemical identity remains unresolved; this disposition neither redirects the existing object nor changes the source assertion.
sha256:0c6ff730a108720a5d6972400f2bccf2eca8621713b62736abdf5df0fb188c95#record=10767	a0c3179bc01edf2c740e9d6b3928b8a94b89aaffe21db80c43ef02a46461a8cc	lpsn:792237	Bergey_Substrates_for_end_products	H2+CO2	https://doi.org/10.1002/9781118960608.gbm00519.pub2	kgmicrobe.compound:h2_co2	biolink:consumes	RO:0002438	infores:bergey-manual	knowledge_assertion	manual_agent	backslash	reported_joint_substrate_condition	unresolved	false	https://doi.org/10.1002/9781118960608.gbm00519.pub2|https://github.com/CultureBotAI/MediaIngredientMech/blob/1848b0fe521bc2462f165912fcf92d09ad9a8cec/data/ingredients/mapped/H2_CO2.yaml	Preserve all 93 Bergey and 5 Literature observations as joint conditions with original citations; no global gas ratio, no independent H2-only or CO2-only utilization. Chemical identity remains unresolved; this disposition neither redirects the existing object nor changes the source assertion.
sha256:0c6ff730a108720a5d6972400f2bccf2eca8621713b62736abdf5df0fb188c95#record=10770	affbbb1a34ab56e6fb5299d7db97657290d88f88dbcf27b36d7d01be9b7150e2	lpsn:777937	Bergey_Substrates_for_end_products	H2+CO2	https://doi.org/10.1002/9781118960608.gbm00519.pub2	kgmicrobe.compound:h2_co2	biolink:consumes	RO:0002438	infores:bergey-manual	knowledge_assertion	manual_agent	backslash	reported_joint_substrate_condition	unresolved	false	https://doi.org/10.1002/9781118960608.gbm00519.pub2|https://github.com/CultureBotAI/MediaIngredientMech/blob/1848b0fe521bc2462f165912fcf92d09ad9a8cec/data/ingredients/mapped/H2_CO2.yaml	Preserve all 93 Bergey and 5 Literature observations as joint conditions with original citations; no global gas ratio, no independent H2-only or CO2-only utilization. Chemical identity remains unresolved; this disposition neither redirects the existing object nor changes the source assertion.
sha256:0c6ff730a108720a5d6972400f2bccf2eca8621713b62736abdf5df0fb188c95#record=10773	dff03d3ed8b777757b889a17a5172273f3dc64d8e9179e5d7de3219f5f55f79b	lpsn:787085	Bergey_Substrates_for_end_products	H2+CO2	https://doi.org/10.1002/9781118960608.gbm01369	kgmicrobe.compound:h2_co2	biolink:consumes	RO:0002438	infores:bergey-manual	knowledge_assertion	manual_agent	backslash	reported_joint_substrate_condition	unresolved	false	https://doi.org/10.1002/9781118960608.gbm01369|https://github.com/CultureBotAI/MediaIngredientMech/blob/1848b0fe521bc2462f165912fcf92d09ad9a8cec/data/ingredients/mapped/H2_CO2.yaml	Preserve all 93 Bergey and 5 Literature observations as joint conditions with original citations; no global gas ratio, no independent H2-only or CO2-only utilization. Chemical identity remains unresolved; this disposition neither redirects the existing object nor changes the source assertion.
sha256:0c6ff730a108720a5d6972400f2bccf2eca8621713b62736abdf5df0fb188c95#record=10774	df53ad1a1e532dec988b3788250ff4e8f983605b37231db5b9906eb748e7d161	lpsn:777941	Bergey_Substrates_for_end_products	H2+CO2	https://doi.org/10.1002/9781118960608.gbm00511.pub2	kgmicrobe.compound:h2_co2	biolink:consumes	RO:0002438	infores:bergey-manual	knowledge_assertion	manual_agent	backslash	reported_joint_substrate_condition	unresolved	false	https://doi.org/10.1002/9781118960608.gbm00511.pub2|https://github.com/CultureBotAI/MediaIngredientMech/blob/1848b0fe521bc2462f165912fcf92d09ad9a8cec/data/ingredients/mapped/H2_CO2.yaml	Preserve all 93 Bergey and 5 Literature observations as joint conditions with original citations; no global gas ratio, no independent H2-only or CO2-only utilization. Chemical identity remains unresolved; this disposition neither redirects the existing object nor changes the source assertion.
sha256:0c6ff730a108720a5d6972400f2bccf2eca8621713b62736abdf5df0fb188c95#record=10775	2ef6a7d0617cfd84f379067924b95e438ebdbf5fcd3fc5a4ce459fa65c096b30	lpsn:788879	Bergey_Substrates_for_end_products	H2+CO2	https://doi.org/10.1002/9781118960608.gbm00511.pub2	kgmicrobe.compound:h2_co2	biolink:consumes	RO:0002438	infores:bergey-manual	knowledge_assertion	manual_agent	backslash	reported_joint_substrate_condition	unresolved	false	https://doi.org/10.1002/9781118960608.gbm00511.pub2|https://github.com/CultureBotAI/MediaIngredientMech/blob/1848b0fe521bc2462f165912fcf92d09ad9a8cec/data/ingredients/mapped/H2_CO2.yaml	Preserve all 93 Bergey and 5 Literature observations as joint conditions with original citations; no global gas ratio, no independent H2-only or CO2-only utilization. Chemical identity remains unresolved; this disposition neither redirects the existing object nor changes the source assertion.
sha256:0c6ff730a108720a5d6972400f2bccf2eca8621713b62736abdf5df0fb188c95#record=10776	42bac89aa541bbe4dfb1272e1a8ec13ddeba0b87ce10976fddceba26b1b7c202	lpsn:791508	Bergey_Substrates_for_end_products	H2+CO2	https://doi.org/10.1002/9781118960608.gbm00511.pub2	kgmicrobe.compound:h2_co2	biolink:consumes	RO:0002438	infores:bergey-manual	knowledge_assertion	manual_agent	backslash	reported_joint_substrate_condition	unresolved	false	https://doi.org/10.1002/9781118960608.gbm00511.pub2|https://github.com/CultureBotAI/MediaIngredientMech/blob/1848b0fe521bc2462f165912fcf92d09ad9a8cec/data/ingredients/mapped/H2_CO2.yaml	Preserve all 93 Bergey and 5 Literature observations as joint conditions with original citations; no global gas ratio, no independent H2-only or CO2-only utilization. Chemical identity remains unresolved; this disposition neither redirects the existing object nor changes the source assertion.
sha256:0c6ff730a108720a5d6972400f2bccf2eca8621713b62736abdf5df0fb188c95#record=10778	4b420c6c57611a152916fab5c87d38ce26ce25749f08b8096e08126ea9914a49	lpsn:791454	Bergey_Substrates_for_end_products	H2+CO2	https://doi.org/10.1002/9781118960608.gbm00511.pub2	kgmicrobe.compound:h2_co2	biolink:consumes	RO:0002438	infores:bergey-manual	knowledge_assertion	manual_agent	backslash	reported_joint_substrate_condition	unresolved	false	https://doi.org/10.1002/9781118960608.gbm00511.pub2|https://github.com/CultureBotAI/MediaIngredientMech/blob/1848b0fe521bc2462f165912fcf92d09ad9a8cec/data/ingredients/mapped/H2_CO2.yaml	Preserve all 93 Bergey and 5 Literature observations as joint conditions with original citations; no global gas ratio, no independent H2-only or CO2-only utilization. Chemical identity remains unresolved; this disposition neither redirects the existing object nor changes the source assertion.
sha256:0c6ff730a108720a5d6972400f2bccf2eca8621713b62736abdf5df0fb188c95#record=10780	23f7366e5f27ba7ca139dc0adf95a9b1e318af08506398f60ee38826dca86a3f	lpsn:777943	Bergey_Substrates_for_end_products	H2+CO2	https://doi.org/10.1002/9781118960608.gbm00498	kgmicrobe.compound:h2_co2	biolink:consumes	RO:0002438	infores:bergey-manual	knowledge_assertion	manual_agent	backslash	reported_joint_substrate_condition	unresolved	false	https://doi.org/10.1002/9781118960608.gbm00498|https://github.com/CultureBotAI/MediaIngredientMech/blob/1848b0fe521bc2462f165912fcf92d09ad9a8cec/data/ingredients/mapped/H2_CO2.yaml	Preserve all 93 Bergey and 5 Literature observations as joint conditions with original citations; no global gas ratio, no independent H2-only or CO2-only utilization. Chemical identity remains unresolved; this disposition neither redirects the existing object nor changes the source assertion.
sha256:0c6ff730a108720a5d6972400f2bccf2eca8621713b62736abdf5df0fb188c95#record=10781	01c4771bf75a9d4fdfb809308ced56bb6fa9afc328319deb2133f2927a9a4b52	lpsn:777944	Bergey_Substrates_for_end_products	H2+CO2	https://doi.org/10.1002/9781118960608.gbm00498	kgmicrobe.compound:h2_co2	biolink:consumes	RO:0002438	infores:bergey-manual	knowledge_assertion	manual_agent	backslash	reported_joint_substrate_condition	unresolved	false	https://doi.org/10.1002/9781118960608.gbm00498|https://github.com/CultureBotAI/MediaIngredientMech/blob/1848b0fe521bc2462f165912fcf92d09ad9a8cec/data/ingredients/mapped/H2_CO2.yaml	Preserve all 93 Bergey and 5 Literature observations as joint conditions with original citations; no global gas ratio, no independent H2-only or CO2-only utilization. Chemical identity remains unresolved; this disposition neither redirects the existing object nor changes the source assertion.
sha256:0c6ff730a108720a5d6972400f2bccf2eca8621713b62736abdf5df0fb188c95#record=10783	daa4c5ff126bcc67cc941a6f3a2f8420aadb571d6e0454f3d1a4dc7485196483	lpsn:777945	Bergey_Substrates_for_end_products	H2+CO2	https://doi.org/10.1002/9781118960608.gbm00498	kgmicrobe.compound:h2_co2	biolink:consumes	RO:0002438	infores:bergey-manual	knowledge_assertion	manual_agent	backslash	reported_joint_substrate_condition	unresolved	false	https://doi.org/10.1002/9781118960608.gbm00498|https://github.com/CultureBotAI/MediaIngredientMech/blob/1848b0fe521bc2462f165912fcf92d09ad9a8cec/data/ingredients/mapped/H2_CO2.yaml	Preserve all 93 Bergey and 5 Literature observations as joint conditions with original citations; no global gas ratio, no independent H2-only or CO2-only utilization. Chemical identity remains unresolved; this disposition neither redirects the existing object nor changes the source assertion.
sha256:0c6ff730a108720a5d6972400f2bccf2eca8621713b62736abdf5df0fb188c95#record=10784	bd680784c6c54759e4a808b7b163f9ffdc0e831cc6e75c82580c1d22f85633f9	lpsn:777946	Bergey_Substrates_for_end_products	H2+CO2	https://doi.org/10.1002/9781118960608.gbm00498	kgmicrobe.compound:h2_co2	biolink:consumes	RO:0002438	infores:bergey-manual	knowledge_assertion	manual_agent	backslash	reported_joint_substrate_condition	unresolved	false	https://doi.org/10.1002/9781118960608.gbm00498|https://github.com/CultureBotAI/MediaIngredientMech/blob/1848b0fe521bc2462f165912fcf92d09ad9a8cec/data/ingredients/mapped/H2_CO2.yaml	Preserve all 93 Bergey and 5 Literature observations as joint conditions with original citations; no global gas ratio, no independent H2-only or CO2-only utilization. Chemical identity remains unresolved; this disposition neither redirects the existing object nor changes the source assertion.
sha256:0c6ff730a108720a5d6972400f2bccf2eca8621713b62736abdf5df0fb188c95#record=10785	72fcc0fe916b47aed551181bd8953aefe65a5ba48693814fc03f4a55d1ab25a0	lpsn:777947	Bergey_Substrates_for_end_products	H2+CO2	https://doi.org/10.1002/9781118960608.gbm00498	kgmicrobe.compound:h2_co2	biolink:consumes	RO:0002438	infores:bergey-manual	knowledge_assertion	manual_agent	backslash	reported_joint_substrate_condition	unresolved	false	https://doi.org/10.1002/9781118960608.gbm00498|https://github.com/CultureBotAI/MediaIngredientMech/blob/1848b0fe521bc2462f165912fcf92d09ad9a8cec/data/ingredients/mapped/H2_CO2.yaml	Preserve all 93 Bergey and 5 Literature observations as joint conditions with original citations; no global gas ratio, no independent H2-only or CO2-only utilization. Chemical identity remains unresolved; this disposition neither redirects the existing object nor changes the source assertion.
sha256:0c6ff730a108720a5d6972400f2bccf2eca8621713b62736abdf5df0fb188c95#record=10786	6be0113afa3b1fa4e5fd5259b4b2056d5a89b8d6d9360af9636719c7cbc5deb8	lpsn:784219	Bergey_Substrates_for_end_products	H2+CO2	https://doi.org/10.1002/9781118960608.gbm00498	kgmicrobe.compound:h2_co2	biolink:consumes	RO:0002438	infores:bergey-manual	knowledge_assertion	manual_agent	backslash	reported_joint_substrate_condition	unresolved	false	https://doi.org/10.1002/9781118960608.gbm00498|https://github.com/CultureBotAI/MediaIngredientMech/blob/1848b0fe521bc2462f165912fcf92d09ad9a8cec/data/ingredients/mapped/H2_CO2.yaml	Preserve all 93 Bergey and 5 Literature observations as joint conditions with original citations; no global gas ratio, no independent H2-only or CO2-only utilization. Chemical identity remains unresolved; this disposition neither redirects the existing object nor changes the source assertion.
sha256:0c6ff730a108720a5d6972400f2bccf2eca8621713b62736abdf5df0fb188c95#record=10787	70ab819298702302384d118832c7eb0a7c2eb28e75732f7f9c9d99c719506306	lpsn:777949	Bergey_Substrates_for_end_products	H2+CO2	https://doi.org/10.1002/9781118960608.gbm00503.pub2	kgmicrobe.compound:h2_co2	biolink:consumes	RO:0002438	infores:bergey-manual	knowledge_assertion	manual_agent	backslash	reported_joint_substrate_condition	unresolved	false	https://doi.org/10.1002/9781118960608.gbm00503.pub2|https://github.com/CultureBotAI/MediaIngredientMech/blob/1848b0fe521bc2462f165912fcf92d09ad9a8cec/data/ingredients/mapped/H2_CO2.yaml	Preserve all 93 Bergey and 5 Literature observations as joint conditions with original citations; no global gas ratio, no independent H2-only or CO2-only utilization. Chemical identity remains unresolved; this disposition neither redirects the existing object nor changes the source assertion.
sha256:0c6ff730a108720a5d6972400f2bccf2eca8621713b62736abdf5df0fb188c95#record=10788	69cd7982991bf167d30d3090213d3ef0d16f0566f29860b05c16a1c2efbe1545	lpsn:777950	Bergey_Substrates_for_end_products	H2+CO2	https://doi.org/10.1002/9781118960608.gbm00503.pub2	kgmicrobe.compound:h2_co2	biolink:consumes	RO:0002438	infores:bergey-manual	knowledge_assertion	manual_agent	backslash	reported_joint_substrate_condition	unresolved	false	https://doi.org/10.1002/9781118960608.gbm00503.pub2|https://github.com/CultureBotAI/MediaIngredientMech/blob/1848b0fe521bc2462f165912fcf92d09ad9a8cec/data/ingredients/mapped/H2_CO2.yaml	Preserve all 93 Bergey and 5 Literature observations as joint conditions with original citations; no global gas ratio, no independent H2-only or CO2-only utilization. Chemical identity remains unresolved; this disposition neither redirects the existing object nor changes the source assertion.
sha256:0c6ff730a108720a5d6972400f2bccf2eca8621713b62736abdf5df0fb188c95#record=10789	88fbef74c7d25988280197e3a579fd5938916b1e1fb72fc4d9b13f643ff22769	lpsn:777951	Bergey_Substrates_for_end_products	H2+CO2	https://doi.org/10.1002/9781118960608.gbm00499.pub2	kgmicrobe.compound:h2_co2	biolink:consumes	RO:0002438	infores:bergey-manual	knowledge_assertion	manual_agent	backslash	reported_joint_substrate_condition	unresolved	false	https://doi.org/10.1002/9781118960608.gbm00499.pub2|https://github.com/CultureBotAI/MediaIngredientMech/blob/1848b0fe521bc2462f165912fcf92d09ad9a8cec/data/ingredients/mapped/H2_CO2.yaml	Preserve all 93 Bergey and 5 Literature observations as joint conditions with original citations; no global gas ratio, no independent H2-only or CO2-only utilization. Chemical identity remains unresolved; this disposition neither redirects the existing object nor changes the source assertion.
sha256:0c6ff730a108720a5d6972400f2bccf2eca8621713b62736abdf5df0fb188c95#record=10790	8b24b2ccdcec42edbe944c38ac671cc711291b05b4d8ad168628c6159030c6e0	lpsn:777952	Bergey_Substrates_for_end_products	H2+CO2	https://doi.org/10.1002/9781118960608.gbm00499.pub2	kgmicrobe.compound:h2_co2	biolink:consumes	RO:0002438	infores:bergey-manual	knowledge_assertion	manual_agent	backslash	reported_joint_substrate_condition	unresolved	false	https://doi.org/10.1002/9781118960608.gbm00499.pub2|https://github.com/CultureBotAI/MediaIngredientMech/blob/1848b0fe521bc2462f165912fcf92d09ad9a8cec/data/ingredients/mapped/H2_CO2.yaml	Preserve all 93 Bergey and 5 Literature observations as joint conditions with original citations; no global gas ratio, no independent H2-only or CO2-only utilization. Chemical identity remains unresolved; this disposition neither redirects the existing object nor changes the source assertion.
sha256:0c6ff730a108720a5d6972400f2bccf2eca8621713b62736abdf5df0fb188c95#record=10794	5bf8f5bee084f000ec0807fcb0e0988b30eace4caef05a6c659ac2a85d88dbfd	lpsn:777958	Bergey_Substrates_for_end_products	H2+CO2	https://doi.org/10.1002/9781118960608.gbm00501.pub2	kgmicrobe.compound:h2_co2	biolink:consumes	RO:0002438	infores:bergey-manual	knowledge_assertion	manual_agent	backslash	reported_joint_substrate_condition	unresolved	false	https://doi.org/10.1002/9781118960608.gbm00501.pub2|https://github.com/CultureBotAI/MediaIngredientMech/blob/1848b0fe521bc2462f165912fcf92d09ad9a8cec/data/ingredients/mapped/H2_CO2.yaml	Preserve all 93 Bergey and 5 Literature observations as joint conditions with original citations; no global gas ratio, no independent H2-only or CO2-only utilization. Chemical identity remains unresolved; this disposition neither redirects the existing object nor changes the source assertion.
sha256:0c6ff730a108720a5d6972400f2bccf2eca8621713b62736abdf5df0fb188c95#record=10795	fbb6db7a89f18e2fe8f10311efc60a4103ff68965ce8d6bb0ca3011873d19f25	lpsn:777959	Bergey_Substrates_for_end_products	H2+CO2	https://doi.org/10.1002/9781118960608.gbm00501.pub2	kgmicrobe.compound:h2_co2	biolink:consumes	RO:0002438	infores:bergey-manual	knowledge_assertion	manual_agent	backslash	reported_joint_substrate_condition	unresolved	false	https://doi.org/10.1002/9781118960608.gbm00501.pub2|https://github.com/CultureBotAI/MediaIngredientMech/blob/1848b0fe521bc2462f165912fcf92d09ad9a8cec/data/ingredients/mapped/H2_CO2.yaml	Preserve all 93 Bergey and 5 Literature observations as joint conditions with original citations; no global gas ratio, no independent H2-only or CO2-only utilization. Chemical identity remains unresolved; this disposition neither redirects the existing object nor changes the source assertion.
sha256:0c6ff730a108720a5d6972400f2bccf2eca8621713b62736abdf5df0fb188c95#record=11484	e92141b668d712d7246416b57ae8f270972f7ae0a49dd637e583fff6de5aeed9	lpsn:65472	Bergey_Substrates_for_end_products	sugars	https://doi.org/10.1002/9781118960608.gbm00748	kgmicrobe.compound:sugars	biolink:consumes	RO:0002438	infores:bergey-manual	knowledge_assertion	manual_agent	backslash	reported_substrate_class_plural	unresolved	false	https://doi.org/10.1002/9781118960608.gbm00748|https://github.com/CultureBotAI/MediaIngredientMech/blob/1848b0fe521bc2462f165912fcf92d09ad9a8cec/data/ingredients/mapped/Sugars.yaml	Retain original source-specific plural observations; MIM registry identity is not a defined sugar; withheld CHEBI:16646 broadMatch cannot be silently imported or converted to exact identity. Chemical identity remains unresolved; this disposition neither redirects the existing object nor changes the source assertion.
sha256:0c6ff730a108720a5d6972400f2bccf2eca8621713b62736abdf5df0fb188c95#record=11486	4e15823129bfe4a3537cb6901999de93d1a3b21885040e1c816d6f53685ce831	lpsn:65474	Bergey_Substrates_for_end_products	sugars	https://doi.org/10.1002/9781118960608.gbm00748	kgmicrobe.compound:sugars	biolink:consumes	RO:0002438	infores:bergey-manual	knowledge_assertion	manual_agent	backslash	reported_substrate_class_plural	unresolved	false	https://doi.org/10.1002/9781118960608.gbm00748|https://github.com/CultureBotAI/MediaIngredientMech/blob/1848b0fe521bc2462f165912fcf92d09ad9a8cec/data/ingredients/mapped/Sugars.yaml	Retain original source-specific plural observations; MIM registry identity is not a defined sugar; withheld CHEBI:16646 broadMatch cannot be silently imported or converted to exact identity. Chemical identity remains unresolved; this disposition neither redirects the existing object nor changes the source assertion.
sha256:0c6ff730a108720a5d6972400f2bccf2eca8621713b62736abdf5df0fb188c95#record=11489	c7e7e9f8e64dc94b3659edb02619cd9575902b995a533d3a4ff1521e7913c4e8	lpsn:65477	Bergey_Substrates_for_end_products	sugars	https://doi.org/10.1002/9781118960608.gbm00748	kgmicrobe.compound:sugars	biolink:consumes	RO:0002438	infores:bergey-manual	knowledge_assertion	manual_agent	backslash	reported_substrate_class_plural	unresolved	false	https://doi.org/10.1002/9781118960608.gbm00748|https://github.com/CultureBotAI/MediaIngredientMech/blob/1848b0fe521bc2462f165912fcf92d09ad9a8cec/data/ingredients/mapped/Sugars.yaml	Retain original source-specific plural observations; MIM registry identity is not a defined sugar; withheld CHEBI:16646 broadMatch cannot be silently imported or converted to exact identity. Chemical identity remains unresolved; this disposition neither redirects the existing object nor changes the source assertion.
sha256:0c6ff730a108720a5d6972400f2bccf2eca8621713b62736abdf5df0fb188c95#record=1200	66d8df6602a1d96ce63a08df6c0bde88527d2862ed87a6aeed2310e06347d900	lpsn:773071	Bergey_Substrates_for_end_products	sugar	https://doi.org/10.1002/9781118960608.gbm00239	kgmicrobe.compound:microbedecoder_unresolved_26e1775f721e16c42822b09a5ccf52e5e4e16485be4484cd446043b4ad1112ce	biolink:consumes	RO:0002438	infores:bergey-manual	knowledge_assertion	manual_agent	backslash	approved_record_scoped_unresolved	unresolved	false	https://doi.org/10.1002/9781118960608.gbm00239	Preserve existing record 1200 node and original citation exactly; user explicitly chose record-scoped unresolved identity; never substitute NCIT:C71939. Chemical identity remains unresolved; this disposition neither redirects the existing object nor changes the source assertion.
sha256:0c6ff730a108720a5d6972400f2bccf2eca8621713b62736abdf5df0fb188c95#record=12980	00a9f98db3465f1653ea186fa9c05e53587c7528e323dc73ca564e23aa63db59	lpsn:791248	Bergey_Substrates_for_end_products	PYG	https://doi.org/10.1002/9781118960608.gbm01632	kgmicrobe.compound:pyg	biolink:consumes	RO:0002438	infores:bergey-manual	knowledge_assertion	manual_agent	backslash	reported_culture_medium	unresolved	false	https://doi.org/10.1002/9781118960608.gbm01632|https://purl.obolibrary.org/obo/MICRO_0001573|https://github.com/CultureBotAI/MediaIngredientMech/blob/1848b0fe521bc2462f165912fcf92d09ad9a8cec/data/ingredients/mapped/PYG.yaml	Keep source-scoped named-medium context; do not exact-map all observations to MICRO:0001573 or assume its recipe/conditions from an acronym. Chemical identity remains unresolved; this disposition neither redirects the existing object nor changes the source assertion.
sha256:0c6ff730a108720a5d6972400f2bccf2eca8621713b62736abdf5df0fb188c95#record=13583	f1a9ac903f32da4e64dd3193cfa16e0470069574f4b31951cc3a54abe5f80242	lpsn:779111	Bergey_Substrates_for_end_products	sugars	https://doi.org/10.1002/9781118960608.gbm00244	kgmicrobe.compound:sugars	biolink:consumes	RO:0002438	infores:bergey-manual	knowledge_assertion	manual_agent	backslash	reported_substrate_class_plural	unresolved	false	https://doi.org/10.1002/9781118960608.gbm00244|https://github.com/CultureBotAI/MediaIngredientMech/blob/1848b0fe521bc2462f165912fcf92d09ad9a8cec/data/ingredients/mapped/Sugars.yaml	Retain original source-specific plural observations; MIM registry identity is not a defined sugar; withheld CHEBI:16646 broadMatch cannot be silently imported or converted to exact identity. Chemical identity remains unresolved; this disposition neither redirects the existing object nor changes the source assertion.
sha256:0c6ff730a108720a5d6972400f2bccf2eca8621713b62736abdf5df0fb188c95#record=1396	7002fad356c4a777e2ecf80513a71df22675d930f22934e3d73ec99e6a93561b	lpsn:8290	Bergey_Substrates_for_end_products	PYG	https://doi.org/10.1002/9781118960608.gbm00629	kgmicrobe.compound:pyg	biolink:consumes	RO:0002438	infores:bergey-manual	knowledge_assertion	manual_agent	backslash	reported_culture_medium	unresolved	false	https://doi.org/10.1002/9781118960608.gbm00629|https://purl.obolibrary.org/obo/MICRO_0001573|https://github.com/CultureBotAI/MediaIngredientMech/blob/1848b0fe521bc2462f165912fcf92d09ad9a8cec/data/ingredients/mapped/PYG.yaml	Keep source-scoped named-medium context; do not exact-map all observations to MICRO:0001573 or assume its recipe/conditions from an acronym. Chemical identity remains unresolved; this disposition neither redirects the existing object nor changes the source assertion.
sha256:0c6ff730a108720a5d6972400f2bccf2eca8621713b62736abdf5df0fb188c95#record=14009	718cc5791809b1e4ce981a911419818091ad614b895fdbcff4bad32ac1b551fc	lpsn:785693	Bergey_Substrates_for_end_products	peptones	https://doi.org/10.1002/9781118960608.gbm00716	kgmicrobe.compound:peptones	biolink:consumes	RO:0002438	infores:bergey-manual	knowledge_assertion	manual_agent	backslash	reported_undefined_protein_digest	unresolved	false	https://doi.org/10.1002/9781118960608.gbm00716|https://purl.obolibrary.org/obo/MICRO_0000178|https://purl.obolibrary.org/obo/MICRO_0000172	Records 19576/14009 support unspecified protein-digest material; no mammalian origin established, so MICRO:0000178 is not an exact target; broader classification requires an explicit nonidentity route. Chemical identity remains unresolved; this disposition neither redirects the existing object nor changes the source assertion.
sha256:0c6ff730a108720a5d6972400f2bccf2eca8621713b62736abdf5df0fb188c95#record=14282	7432143bf88ee6cc3e4b4bb84ad3ff2fd4c1e4aa412de23ecb9e45fcf03d4a86	lpsn:779373	Bergey_Substrates_for_end_products	PYG	https://doi.org/10.1002/9781118960608.gbm00717	kgmicrobe.compound:pyg	biolink:consumes	RO:0002438	infores:bergey-manual	knowledge_assertion	manual_agent	backslash	reported_culture_medium	unresolved	false	https://doi.org/10.1002/9781118960608.gbm00717|https://purl.obolibrary.org/obo/MICRO_0001573|https://github.com/CultureBotAI/MediaIngredientMech/blob/1848b0fe521bc2462f165912fcf92d09ad9a8cec/data/ingredients/mapped/PYG.yaml	Keep source-scoped named-medium context; do not exact-map all observations to MICRO:0001573 or assume its recipe/conditions from an acronym. Chemical identity remains unresolved; this disposition neither redirects the existing object nor changes the source assertion.
sha256:0c6ff730a108720a5d6972400f2bccf2eca8621713b62736abdf5df0fb188c95#record=14290	bb4d793561e2d98be865829ecd6307b898411d326725365096e93b6169251562	lpsn:779374	Bergey_Substrates_for_end_products	PYG	https://doi.org/10.1002/9781118960608.gbm00717	kgmicrobe.compound:pyg	biolink:consumes	RO:0002438	infores:bergey-manual	knowledge_assertion	manual_agent	backslash	reported_culture_medium	unresolved	false	https://doi.org/10.1002/9781118960608.gbm00717|https://purl.obolibrary.org/obo/MICRO_0001573|https://github.com/CultureBotAI/MediaIngredientMech/blob/1848b0fe521bc2462f165912fcf92d09ad9a8cec/data/ingredients/mapped/PYG.yaml	Keep source-scoped named-medium context; do not exact-map all observations to MICRO:0001573 or assume its recipe/conditions from an acronym. Chemical identity remains unresolved; this disposition neither redirects the existing object nor changes the source assertion.
sha256:0c6ff730a108720a5d6972400f2bccf2eca8621713b62736abdf5df0fb188c95#record=14291	5a04453b7b8e79f74d7800f190f139d1b9771e489b9018adba4ed6f3ff3760aa	lpsn:779375	Bergey_Substrates_for_end_products	PYG	https://doi.org/10.1002/9781118960608.gbm00717	kgmicrobe.compound:pyg	biolink:consumes	RO:0002438	infores:bergey-manual	knowledge_assertion	manual_agent	backslash	reported_culture_medium	unresolved	false	https://doi.org/10.1002/9781118960608.gbm00717|https://purl.obolibrary.org/obo/MICRO_0001573|https://github.com/CultureBotAI/MediaIngredientMech/blob/1848b0fe521bc2462f165912fcf92d09ad9a8cec/data/ingredients/mapped/PYG.yaml	Keep source-scoped named-medium context; do not exact-map all observations to MICRO:0001573 or assume its recipe/conditions from an acronym. Chemical identity remains unresolved; this disposition neither redirects the existing object nor changes the source assertion.
sha256:0c6ff730a108720a5d6972400f2bccf2eca8621713b62736abdf5df0fb188c95#record=14292	45d5134fecc4cd98827d65389080474318d9e979387742c451e1873d772322f8	lpsn:779376	Bergey_Substrates_for_end_products	PYG	https://doi.org/10.1002/9781118960608.gbm00717	kgmicrobe.compound:pyg	biolink:consumes	RO:0002438	infores:bergey-manual	knowledge_assertion	manual_agent	backslash	reported_culture_medium	unresolved	false	https://doi.org/10.1002/9781118960608.gbm00717|https://purl.obolibrary.org/obo/MICRO_0001573|https://github.com/CultureBotAI/MediaIngredientMech/blob/1848b0fe521bc2462f165912fcf92d09ad9a8cec/data/ingredients/mapped/PYG.yaml	Keep source-scoped named-medium context; do not exact-map all observations to MICRO:0001573 or assume its recipe/conditions from an acronym. Chemical identity remains unresolved; this disposition neither redirects the existing object nor changes the source assertion.
sha256:0c6ff730a108720a5d6972400f2bccf2eca8621713b62736abdf5df0fb188c95#record=14294	343203f24221cad97abdaa87f5f48a87da78dabcbca5773b41a4a7bce6466915	lpsn:779377	Bergey_Substrates_for_end_products	PYG	https://doi.org/10.1002/9781118960608.gbm00717	kgmicrobe.compound:pyg	biolink:consumes	RO:0002438	infores:bergey-manual	knowledge_assertion	manual_agent	backslash	reported_culture_medium	unresolved	false	https://doi.org/10.1002/9781118960608.gbm00717|https://purl.obolibrary.org/obo/MICRO_0001573|https://github.com/CultureBotAI/MediaIngredientMech/blob/1848b0fe521bc2462f165912fcf92d09ad9a8cec/data/ingredients/mapped/PYG.yaml	Keep source-scoped named-medium context; do not exact-map all observations to MICRO:0001573 or assume its recipe/conditions from an acronym. Chemical identity remains unresolved; this disposition neither redirects the existing object nor changes the source assertion.
sha256:0c6ff730a108720a5d6972400f2bccf2eca8621713b62736abdf5df0fb188c95#record=14309	31bee231905d4e4cf057af5c8a52d7954f8d5c64bdc13bf9522d15ec87f2f209	lpsn:779395	Bergey_Substrates_for_end_products	PYG	https://doi.org/10.1002/9781118960608.gbm00668	kgmicrobe.compound:pyg	biolink:consumes	RO:0002438	infores:bergey-manual	knowledge_assertion	manual_agent	backslash	reported_culture_medium	unresolved	false	https://doi.org/10.1002/9781118960608.gbm00668|https://purl.obolibrary.org/obo/MICRO_0001573|https://github.com/CultureBotAI/MediaIngredientMech/blob/1848b0fe521bc2462f165912fcf92d09ad9a8cec/data/ingredients/mapped/PYG.yaml	Keep source-scoped named-medium context; do not exact-map all observations to MICRO:0001573 or assume its recipe/conditions from an acronym. Chemical identity remains unresolved; this disposition neither redirects the existing object nor changes the source assertion.
sha256:0c6ff730a108720a5d6972400f2bccf2eca8621713b62736abdf5df0fb188c95#record=14866	520fa51cc4493f15a23e9ae6d53a1650b8196efb5e53099108f0b9535c9a5b52	lpsn:779763	Bergey_Substrates_for_end_products	PYG	https://doi.org/10.1002/9781118960608.gbm00246	kgmicrobe.compound:pyg	biolink:consumes	RO:0002438	infores:bergey-manual	knowledge_assertion	manual_agent	backslash	reported_culture_medium	unresolved	false	https://doi.org/10.1002/9781118960608.gbm00246|https://purl.obolibrary.org/obo/MICRO_0001573|https://github.com/CultureBotAI/MediaIngredientMech/blob/1848b0fe521bc2462f165912fcf92d09ad9a8cec/data/ingredients/mapped/PYG.yaml	Keep source-scoped named-medium context; do not exact-map all observations to MICRO:0001573 or assume its recipe/conditions from an acronym. Chemical identity remains unresolved; this disposition neither redirects the existing object nor changes the source assertion.
sha256:0c6ff730a108720a5d6972400f2bccf2eca8621713b62736abdf5df0fb188c95#record=14868	5362e5e1b42704880a742448979eb32443e0d065334cf4d258c9e16d4bb7cf9c	lpsn:784661	Bergey_Substrates_for_end_products	PYG	https://doi.org/10.1002/9781118960608.gbm00246	kgmicrobe.compound:pyg	biolink:consumes	RO:0002438	infores:bergey-manual	knowledge_assertion	manual_agent	backslash	reported_culture_medium	unresolved	false	https://doi.org/10.1002/9781118960608.gbm00246|https://purl.obolibrary.org/obo/MICRO_0001573|https://github.com/CultureBotAI/MediaIngredientMech/blob/1848b0fe521bc2462f165912fcf92d09ad9a8cec/data/ingredients/mapped/PYG.yaml	Keep source-scoped named-medium context; do not exact-map all observations to MICRO:0001573 or assume its recipe/conditions from an acronym. Chemical identity remains unresolved; this disposition neither redirects the existing object nor changes the source assertion.
sha256:0c6ff730a108720a5d6972400f2bccf2eca8621713b62736abdf5df0fb188c95#record=14869	28c2a9ddd1cce716eda7b3cc2b65bd4646cc7725d4550150059a74a9fa058618	lpsn:784662	Bergey_Substrates_for_end_products	PYG	https://doi.org/10.1002/9781118960608.gbm00246	kgmicrobe.compound:pyg	biolink:consumes	RO:0002438	infores:bergey-manual	knowledge_assertion	manual_agent	backslash	reported_culture_medium	unresolved	false	https://doi.org/10.1002/9781118960608.gbm00246|https://purl.obolibrary.org/obo/MICRO_0001573|https://github.com/CultureBotAI/MediaIngredientMech/blob/1848b0fe521bc2462f165912fcf92d09ad9a8cec/data/ingredients/mapped/PYG.yaml	Keep source-scoped named-medium context; do not exact-map all observations to MICRO:0001573 or assume its recipe/conditions from an acronym. Chemical identity remains unresolved; this disposition neither redirects the existing object nor changes the source assertion.
sha256:0c6ff730a108720a5d6972400f2bccf2eca8621713b62736abdf5df0fb188c95#record=14870	6de0fdcafee0501266f96a278cfd15c5005a5990fcba085481ca6511d693633a	lpsn:784664	Bergey_Substrates_for_end_products	PYG	https://doi.org/10.1002/9781118960608.gbm00246	kgmicrobe.compound:pyg	biolink:consumes	RO:0002438	infores:bergey-manual	knowledge_assertion	manual_agent	backslash	reported_culture_medium	unresolved	false	https://doi.org/10.1002/9781118960608.gbm00246|https://purl.obolibrary.org/obo/MICRO_0001573|https://github.com/CultureBotAI/MediaIngredientMech/blob/1848b0fe521bc2462f165912fcf92d09ad9a8cec/data/ingredients/mapped/PYG.yaml	Keep source-scoped named-medium context; do not exact-map all observations to MICRO:0001573 or assume its recipe/conditions from an acronym. Chemical identity remains unresolved; this disposition neither redirects the existing object nor changes the source assertion.
sha256:0c6ff730a108720a5d6972400f2bccf2eca8621713b62736abdf5df0fb188c95#record=14871	29b3d17d6416ba9aa3b6a6458ff0e64beb931de3493e1b8bfb9a7fb8dead5633	lpsn:784665	Bergey_Substrates_for_end_products	PYG	https://doi.org/10.1002/9781118960608.gbm00246	kgmicrobe.compound:pyg	biolink:consumes	RO:0002438	infores:bergey-manual	knowledge_assertion	manual_agent	backslash	reported_culture_medium	unresolved	false	https://doi.org/10.1002/9781118960608.gbm00246|https://purl.obolibrary.org/obo/MICRO_0001573|https://github.com/CultureBotAI/MediaIngredientMech/blob/1848b0fe521bc2462f165912fcf92d09ad9a8cec/data/ingredients/mapped/PYG.yaml	Keep source-scoped named-medium context; do not exact-map all observations to MICRO:0001573 or assume its recipe/conditions from an acronym. Chemical identity remains unresolved; this disposition neither redirects the existing object nor changes the source assertion.
sha256:0c6ff730a108720a5d6972400f2bccf2eca8621713b62736abdf5df0fb188c95#record=14872	6dec2c7414c0fcb6205d61fe7ac196690b1b69774d41637d3aae4beeccd72ab0	lpsn:784666	Bergey_Substrates_for_end_products	PYG	https://doi.org/10.1002/9781118960608.gbm00246	kgmicrobe.compound:pyg	biolink:consumes	RO:0002438	infores:bergey-manual	knowledge_assertion	manual_agent	backslash	reported_culture_medium	unresolved	false	https://doi.org/10.1002/9781118960608.gbm00246|https://purl.obolibrary.org/obo/MICRO_0001573|https://github.com/CultureBotAI/MediaIngredientMech/blob/1848b0fe521bc2462f165912fcf92d09ad9a8cec/data/ingredients/mapped/PYG.yaml	Keep source-scoped named-medium context; do not exact-map all observations to MICRO:0001573 or assume its recipe/conditions from an acronym. Chemical identity remains unresolved; this disposition neither redirects the existing object nor changes the source assertion.
sha256:0c6ff730a108720a5d6972400f2bccf2eca8621713b62736abdf5df0fb188c95#record=14873	d26a62ab45c809ba95d98a1aac0e3fde61940c0b93daf80fb8d050a2574e452a	lpsn:784667	Bergey_Substrates_for_end_products	PYG	https://doi.org/10.1002/9781118960608.gbm00246	kgmicrobe.compound:pyg	biolink:consumes	RO:0002438	infores:bergey-manual	knowledge_assertion	manual_agent	backslash	reported_culture_medium	unresolved	false	https://doi.org/10.1002/9781118960608.gbm00246|https://purl.obolibrary.org/obo/MICRO_0001573|https://github.com/CultureBotAI/MediaIngredientMech/blob/1848b0fe521bc2462f165912fcf92d09ad9a8cec/data/ingredients/mapped/PYG.yaml	Keep source-scoped named-medium context; do not exact-map all observations to MICRO:0001573 or assume its recipe/conditions from an acronym. Chemical identity remains unresolved; this disposition neither redirects the existing object nor changes the source assertion.
sha256:0c6ff730a108720a5d6972400f2bccf2eca8621713b62736abdf5df0fb188c95#record=14874	cd620b4aa2cb6b9c1b84f3ae3991b6140ceac1d901e47a4b2044f64916a7887f	lpsn:779764	Bergey_Substrates_for_end_products	PYG	https://doi.org/10.1002/9781118960608.gbm00246	kgmicrobe.compound:pyg	biolink:consumes	RO:0002438	infores:bergey-manual	knowledge_assertion	manual_agent	backslash	reported_culture_medium	unresolved	false	https://doi.org/10.1002/9781118960608.gbm00246|https://purl.obolibrary.org/obo/MICRO_0001573|https://github.com/CultureBotAI/MediaIngredientMech/blob/1848b0fe521bc2462f165912fcf92d09ad9a8cec/data/ingredients/mapped/PYG.yaml	Keep source-scoped named-medium context; do not exact-map all observations to MICRO:0001573 or assume its recipe/conditions from an acronym. Chemical identity remains unresolved; this disposition neither redirects the existing object nor changes the source assertion.
sha256:0c6ff730a108720a5d6972400f2bccf2eca8621713b62736abdf5df0fb188c95#record=14875	6e17cc0f2fe7c61bc541eee1bd8f4c3f3893b1fd735527c96b355624cd140280	lpsn:784668	Bergey_Substrates_for_end_products	PYG	https://doi.org/10.1002/9781118960608.gbm00246	kgmicrobe.compound:pyg	biolink:consumes	RO:0002438	infores:bergey-manual	knowledge_assertion	manual_agent	backslash	reported_culture_medium	unresolved	false	https://doi.org/10.1002/9781118960608.gbm00246|https://purl.obolibrary.org/obo/MICRO_0001573|https://github.com/CultureBotAI/MediaIngredientMech/blob/1848b0fe521bc2462f165912fcf92d09ad9a8cec/data/ingredients/mapped/PYG.yaml	Keep source-scoped named-medium context; do not exact-map all observations to MICRO:0001573 or assume its recipe/conditions from an acronym. Chemical identity remains unresolved; this disposition neither redirects the existing object nor changes the source assertion.
sha256:0c6ff730a108720a5d6972400f2bccf2eca8621713b62736abdf5df0fb188c95#record=14876	63d487670186e81571d3ab54a27a305da013e72ebf7c49491cb7bf3a72366c68	lpsn:779765	Bergey_Substrates_for_end_products	PYG	https://doi.org/10.1002/9781118960608.gbm00246	kgmicrobe.compound:pyg	biolink:consumes	RO:0002438	infores:bergey-manual	knowledge_assertion	manual_agent	backslash	reported_culture_medium	unresolved	false	https://doi.org/10.1002/9781118960608.gbm00246|https://purl.obolibrary.org/obo/MICRO_0001573|https://github.com/CultureBotAI/MediaIngredientMech/blob/1848b0fe521bc2462f165912fcf92d09ad9a8cec/data/ingredients/mapped/PYG.yaml	Keep source-scoped named-medium context; do not exact-map all observations to MICRO:0001573 or assume its recipe/conditions from an acronym. Chemical identity remains unresolved; this disposition neither redirects the existing object nor changes the source assertion.
sha256:0c6ff730a108720a5d6972400f2bccf2eca8621713b62736abdf5df0fb188c95#record=14877	532f5a0033c208ea28acf1930ae4011dbe6325a41b6c8e372be87acd04fe2560	lpsn:784669	Bergey_Substrates_for_end_products	PYG	https://doi.org/10.1002/9781118960608.gbm00246	kgmicrobe.compound:pyg	biolink:consumes	RO:0002438	infores:bergey-manual	knowledge_assertion	manual_agent	backslash	reported_culture_medium	unresolved	false	https://doi.org/10.1002/9781118960608.gbm00246|https://purl.obolibrary.org/obo/MICRO_0001573|https://github.com/CultureBotAI/MediaIngredientMech/blob/1848b0fe521bc2462f165912fcf92d09ad9a8cec/data/ingredients/mapped/PYG.yaml	Keep source-scoped named-medium context; do not exact-map all observations to MICRO:0001573 or assume its recipe/conditions from an acronym. Chemical identity remains unresolved; this disposition neither redirects the existing object nor changes the source assertion.
sha256:0c6ff730a108720a5d6972400f2bccf2eca8621713b62736abdf5df0fb188c95#record=14879	410d7f22f618f74f9c250465b70ca1979862cba88bd995bfea2b4312b6f42bb1	lpsn:779766	Bergey_Substrates_for_end_products	PYG	https://doi.org/10.1002/9781118960608.gbm00246	kgmicrobe.compound:pyg	biolink:consumes	RO:0002438	infores:bergey-manual	knowledge_assertion	manual_agent	backslash	reported_culture_medium	unresolved	false	https://doi.org/10.1002/9781118960608.gbm00246|https://purl.obolibrary.org/obo/MICRO_0001573|https://github.com/CultureBotAI/MediaIngredientMech/blob/1848b0fe521bc2462f165912fcf92d09ad9a8cec/data/ingredients/mapped/PYG.yaml	Keep source-scoped named-medium context; do not exact-map all observations to MICRO:0001573 or assume its recipe/conditions from an acronym. Chemical identity remains unresolved; this disposition neither redirects the existing object nor changes the source assertion.
sha256:0c6ff730a108720a5d6972400f2bccf2eca8621713b62736abdf5df0fb188c95#record=14883	b2d9b145b63a6cb096557943a3b17c2a1c66e61bfc88b82ba483cb019deb08da	lpsn:784671	Bergey_Substrates_for_end_products	PYG	https://doi.org/10.1002/9781118960608.gbm00246	kgmicrobe.compound:pyg	biolink:consumes	RO:0002438	infores:bergey-manual	knowledge_assertion	manual_agent	backslash	reported_culture_medium	unresolved	false	https://doi.org/10.1002/9781118960608.gbm00246|https://purl.obolibrary.org/obo/MICRO_0001573|https://github.com/CultureBotAI/MediaIngredientMech/blob/1848b0fe521bc2462f165912fcf92d09ad9a8cec/data/ingredients/mapped/PYG.yaml	Keep source-scoped named-medium context; do not exact-map all observations to MICRO:0001573 or assume its recipe/conditions from an acronym. Chemical identity remains unresolved; this disposition neither redirects the existing object nor changes the source assertion.
sha256:0c6ff730a108720a5d6972400f2bccf2eca8621713b62736abdf5df0fb188c95#record=14884	57a481bea1e1dada183e825c63b055af19ef4083ef55c33a79e483409f188379	lpsn:784672	Bergey_Substrates_for_end_products	PYG	https://doi.org/10.1002/9781118960608.gbm00246	kgmicrobe.compound:pyg	biolink:consumes	RO:0002438	infores:bergey-manual	knowledge_assertion	manual_agent	backslash	reported_culture_medium	unresolved	false	https://doi.org/10.1002/9781118960608.gbm00246|https://purl.obolibrary.org/obo/MICRO_0001573|https://github.com/CultureBotAI/MediaIngredientMech/blob/1848b0fe521bc2462f165912fcf92d09ad9a8cec/data/ingredients/mapped/PYG.yaml	Keep source-scoped named-medium context; do not exact-map all observations to MICRO:0001573 or assume its recipe/conditions from an acronym. Chemical identity remains unresolved; this disposition neither redirects the existing object nor changes the source assertion.
sha256:0c6ff730a108720a5d6972400f2bccf2eca8621713b62736abdf5df0fb188c95#record=14914	a2d7daae9c93bea9556725d760ff422d6ed6f1346e21085dfe9965dab855b378	lpsn:779781	Bergey_Substrates_for_end_products	PYG	https://doi.org/10.1002/9781118960608.gbm00249	kgmicrobe.compound:pyg	biolink:consumes	RO:0002438	infores:bergey-manual	knowledge_assertion	manual_agent	backslash	reported_culture_medium	unresolved	false	https://doi.org/10.1002/9781118960608.gbm00249|https://purl.obolibrary.org/obo/MICRO_0001573|https://github.com/CultureBotAI/MediaIngredientMech/blob/1848b0fe521bc2462f165912fcf92d09ad9a8cec/data/ingredients/mapped/PYG.yaml	Keep source-scoped named-medium context; do not exact-map all observations to MICRO:0001573 or assume its recipe/conditions from an acronym. Chemical identity remains unresolved; this disposition neither redirects the existing object nor changes the source assertion.
sha256:0c6ff730a108720a5d6972400f2bccf2eca8621713b62736abdf5df0fb188c95#record=14915	91c59ae8296d7398f753d4964a3ca6f0ba34098ad08e908aba43536141789bd3	lpsn:779782	Bergey_Substrates_for_end_products	PYG	https://doi.org/10.1002/9781118960608.gbm00249	kgmicrobe.compound:pyg	biolink:consumes	RO:0002438	infores:bergey-manual	knowledge_assertion	manual_agent	backslash	reported_culture_medium	unresolved	false	https://doi.org/10.1002/9781118960608.gbm00249|https://purl.obolibrary.org/obo/MICRO_0001573|https://github.com/CultureBotAI/MediaIngredientMech/blob/1848b0fe521bc2462f165912fcf92d09ad9a8cec/data/ingredients/mapped/PYG.yaml	Keep source-scoped named-medium context; do not exact-map all observations to MICRO:0001573 or assume its recipe/conditions from an acronym. Chemical identity remains unresolved; this disposition neither redirects the existing object nor changes the source assertion.
sha256:0c6ff730a108720a5d6972400f2bccf2eca8621713b62736abdf5df0fb188c95#record=14926	6730fe7ce2eba181a06317eca400858f4aac608abbedccfb917c08e64dab1909	lpsn:784674	Bergey_Substrates_for_end_products	PYG	https://doi.org/10.1002/9781118960608.gbm00249	kgmicrobe.compound:pyg	biolink:consumes	RO:0002438	infores:bergey-manual	knowledge_assertion	manual_agent	backslash	reported_culture_medium	unresolved	false	https://doi.org/10.1002/9781118960608.gbm00249|https://purl.obolibrary.org/obo/MICRO_0001573|https://github.com/CultureBotAI/MediaIngredientMech/blob/1848b0fe521bc2462f165912fcf92d09ad9a8cec/data/ingredients/mapped/PYG.yaml	Keep source-scoped named-medium context; do not exact-map all observations to MICRO:0001573 or assume its recipe/conditions from an acronym. Chemical identity remains unresolved; this disposition neither redirects the existing object nor changes the source assertion.
sha256:0c6ff730a108720a5d6972400f2bccf2eca8621713b62736abdf5df0fb188c95#record=14930	cbbabc1f4c6401797a476955885bbcd2e11d2f79ef888a311faee65290a7a8e8	lpsn:779790	Bergey_Substrates_for_end_products	PYG	https://doi.org/10.1002/9781118960608.gbm00249	kgmicrobe.compound:pyg	biolink:consumes	RO:0002438	infores:bergey-manual	knowledge_assertion	manual_agent	backslash	reported_culture_medium	unresolved	false	https://doi.org/10.1002/9781118960608.gbm00249|https://purl.obolibrary.org/obo/MICRO_0001573|https://github.com/CultureBotAI/MediaIngredientMech/blob/1848b0fe521bc2462f165912fcf92d09ad9a8cec/data/ingredients/mapped/PYG.yaml	Keep source-scoped named-medium context; do not exact-map all observations to MICRO:0001573 or assume its recipe/conditions from an acronym. Chemical identity remains unresolved; this disposition neither redirects the existing object nor changes the source assertion.
sha256:0c6ff730a108720a5d6972400f2bccf2eca8621713b62736abdf5df0fb188c95#record=14934	8c350ece155ff9b84eef21d4c061025fbfa4cd3244fe23e024aa3b5fd4001e90	lpsn:784676	Bergey_Substrates_for_end_products	PYG	https://doi.org/10.1002/9781118960608.gbm00249	kgmicrobe.compound:pyg	biolink:consumes	RO:0002438	infores:bergey-manual	knowledge_assertion	manual_agent	backslash	reported_culture_medium	unresolved	false	https://doi.org/10.1002/9781118960608.gbm00249|https://purl.obolibrary.org/obo/MICRO_0001573|https://github.com/CultureBotAI/MediaIngredientMech/blob/1848b0fe521bc2462f165912fcf92d09ad9a8cec/data/ingredients/mapped/PYG.yaml	Keep source-scoped named-medium context; do not exact-map all observations to MICRO:0001573 or assume its recipe/conditions from an acronym. Chemical identity remains unresolved; this disposition neither redirects the existing object nor changes the source assertion.
sha256:0c6ff730a108720a5d6972400f2bccf2eca8621713b62736abdf5df0fb188c95#record=14939	5e0604d841537df0b8f07572c8b404c39894ddd73be8b255910cf70b9f8ca2c5	lpsn:779791	Bergey_Substrates_for_end_products	PYG	https://doi.org/10.1002/9781118960608.gbm00249	kgmicrobe.compound:pyg	biolink:consumes	RO:0002438	infores:bergey-manual	knowledge_assertion	manual_agent	backslash	reported_culture_medium	unresolved	false	https://doi.org/10.1002/9781118960608.gbm00249|https://purl.obolibrary.org/obo/MICRO_0001573|https://github.com/CultureBotAI/MediaIngredientMech/blob/1848b0fe521bc2462f165912fcf92d09ad9a8cec/data/ingredients/mapped/PYG.yaml	Keep source-scoped named-medium context; do not exact-map all observations to MICRO:0001573 or assume its recipe/conditions from an acronym. Chemical identity remains unresolved; this disposition neither redirects the existing object nor changes the source assertion.
sha256:0c6ff730a108720a5d6972400f2bccf2eca8621713b62736abdf5df0fb188c95#record=14945	5a96bd50530159463ff24eaae559821ea1918d77cbcac71d7f7c8a59968b5d03	lpsn:779792	Bergey_Substrates_for_end_products	PYG	https://doi.org/10.1002/9781118960608.gbm00249	kgmicrobe.compound:pyg	biolink:consumes	RO:0002438	infores:bergey-manual	knowledge_assertion	manual_agent	backslash	reported_culture_medium	unresolved	false	https://doi.org/10.1002/9781118960608.gbm00249|https://purl.obolibrary.org/obo/MICRO_0001573|https://github.com/CultureBotAI/MediaIngredientMech/blob/1848b0fe521bc2462f165912fcf92d09ad9a8cec/data/ingredients/mapped/PYG.yaml	Keep source-scoped named-medium context; do not exact-map all observations to MICRO:0001573 or assume its recipe/conditions from an acronym. Chemical identity remains unresolved; this disposition neither redirects the existing object nor changes the source assertion.
sha256:0c6ff730a108720a5d6972400f2bccf2eca8621713b62736abdf5df0fb188c95#record=14955	11b24a9e238b6314bcc3a94314da1450a6d73c7e7ab25ce860ee6710fcb107ea	lpsn:784678	Bergey_Substrates_for_end_products	PYG	https://doi.org/10.1002/9781118960608.gbm00249	kgmicrobe.compound:pyg	biolink:consumes	RO:0002438	infores:bergey-manual	knowledge_assertion	manual_agent	backslash	reported_culture_medium	unresolved	false	https://doi.org/10.1002/9781118960608.gbm00249|https://purl.obolibrary.org/obo/MICRO_0001573|https://github.com/CultureBotAI/MediaIngredientMech/blob/1848b0fe521bc2462f165912fcf92d09ad9a8cec/data/ingredients/mapped/PYG.yaml	Keep source-scoped named-medium context; do not exact-map all observations to MICRO:0001573 or assume its recipe/conditions from an acronym. Chemical identity remains unresolved; this disposition neither redirects the existing object nor changes the source assertion.
sha256:0c6ff730a108720a5d6972400f2bccf2eca8621713b62736abdf5df0fb188c95#record=14965	b9d0773cb465342dc5967d0eee6778e4113d75992824960348d7d69f4f45b32a	lpsn:779798	Bergey_Substrates_for_end_products	PYG	https://doi.org/10.1002/9781118960608.gbm00249	kgmicrobe.compound:pyg	biolink:consumes	RO:0002438	infores:bergey-manual	knowledge_assertion	manual_agent	backslash	reported_culture_medium	unresolved	false	https://doi.org/10.1002/9781118960608.gbm00249|https://purl.obolibrary.org/obo/MICRO_0001573|https://github.com/CultureBotAI/MediaIngredientMech/blob/1848b0fe521bc2462f165912fcf92d09ad9a8cec/data/ingredients/mapped/PYG.yaml	Keep source-scoped named-medium context; do not exact-map all observations to MICRO:0001573 or assume its recipe/conditions from an acronym. Chemical identity remains unresolved; this disposition neither redirects the existing object nor changes the source assertion.
sha256:0c6ff730a108720a5d6972400f2bccf2eca8621713b62736abdf5df0fb188c95#record=14967	5eef982ace47e37fe6e992ee840b7ee21fb887fd9da96eecf84fbcc4ce9828e6	lpsn:779799	Bergey_Substrates_for_end_products	PYG	https://doi.org/10.1002/9781118960608.gbm00249	kgmicrobe.compound:pyg	biolink:consumes	RO:0002438	infores:bergey-manual	knowledge_assertion	manual_agent	backslash	reported_culture_medium	unresolved	false	https://doi.org/10.1002/9781118960608.gbm00249|https://purl.obolibrary.org/obo/MICRO_0001573|https://github.com/CultureBotAI/MediaIngredientMech/blob/1848b0fe521bc2462f165912fcf92d09ad9a8cec/data/ingredients/mapped/PYG.yaml	Keep source-scoped named-medium context; do not exact-map all observations to MICRO:0001573 or assume its recipe/conditions from an acronym. Chemical identity remains unresolved; this disposition neither redirects the existing object nor changes the source assertion.
sha256:0c6ff730a108720a5d6972400f2bccf2eca8621713b62736abdf5df0fb188c95#record=14968	a6dbefaefdeb447eb65e310419cbf2163367c59e33ee93afab9752b94d232f0b	lpsn:779801	Bergey_Substrates_for_end_products	PYG	https://doi.org/10.1002/9781118960608.gbm00249	kgmicrobe.compound:pyg	biolink:consumes	RO:0002438	infores:bergey-manual	knowledge_assertion	manual_agent	backslash	reported_culture_medium	unresolved	false	https://doi.org/10.1002/9781118960608.gbm00249|https://purl.obolibrary.org/obo/MICRO_0001573|https://github.com/CultureBotAI/MediaIngredientMech/blob/1848b0fe521bc2462f165912fcf92d09ad9a8cec/data/ingredients/mapped/PYG.yaml	Keep source-scoped named-medium context; do not exact-map all observations to MICRO:0001573 or assume its recipe/conditions from an acronym. Chemical identity remains unresolved; this disposition neither redirects the existing object nor changes the source assertion.
sha256:0c6ff730a108720a5d6972400f2bccf2eca8621713b62736abdf5df0fb188c95#record=15011	50672d29a5ed7036dff494bc49b7e5e979661fb6dd85686f55fdfd2e02f85052	lpsn:788210	Bergey_Substrates_for_end_products	PYG	https://doi.org/10.1002/9781118960608.gbm00167	kgmicrobe.compound:pyg	biolink:consumes	RO:0002438	infores:bergey-manual	knowledge_assertion	manual_agent	backslash	reported_culture_medium	unresolved	false	https://doi.org/10.1002/9781118960608.gbm00167|https://purl.obolibrary.org/obo/MICRO_0001573|https://github.com/CultureBotAI/MediaIngredientMech/blob/1848b0fe521bc2462f165912fcf92d09ad9a8cec/data/ingredients/mapped/PYG.yaml	Keep source-scoped named-medium context; do not exact-map all observations to MICRO:0001573 or assume its recipe/conditions from an acronym. Chemical identity remains unresolved; this disposition neither redirects the existing object nor changes the source assertion.
sha256:0c6ff730a108720a5d6972400f2bccf2eca8621713b62736abdf5df0fb188c95#record=15032	fc3baf6e555ce1e18b15e0d02bd3987ee5cae6009081c2daa67236542d5bc3ef	lpsn:779845	Bergey_Substrates_for_end_products	sugars	https://doi.org/10.1002/9781118960608.gbm00702	kgmicrobe.compound:sugars	biolink:consumes	RO:0002438	infores:bergey-manual	knowledge_assertion	manual_agent	backslash	reported_substrate_class_plural	unresolved	false	https://doi.org/10.1002/9781118960608.gbm00702|https://github.com/CultureBotAI/MediaIngredientMech/blob/1848b0fe521bc2462f165912fcf92d09ad9a8cec/data/ingredients/mapped/Sugars.yaml	Retain original source-specific plural observations; MIM registry identity is not a defined sugar; withheld CHEBI:16646 broadMatch cannot be silently imported or converted to exact identity. Chemical identity remains unresolved; this disposition neither redirects the existing object nor changes the source assertion.
sha256:0c6ff730a108720a5d6972400f2bccf2eca8621713b62736abdf5df0fb188c95#record=15033	6306f860782554f3117f6e60fc9a9b5eac3a762ac76a965d04421d42715f1215	lpsn:779846	Bergey_Substrates_for_end_products	sugars	https://doi.org/10.1002/9781118960608.gbm00702	kgmicrobe.compound:sugars	biolink:consumes	RO:0002438	infores:bergey-manual	knowledge_assertion	manual_agent	backslash	reported_substrate_class_plural	unresolved	false	https://doi.org/10.1002/9781118960608.gbm00702|https://github.com/CultureBotAI/MediaIngredientMech/blob/1848b0fe521bc2462f165912fcf92d09ad9a8cec/data/ingredients/mapped/Sugars.yaml	Retain original source-specific plural observations; MIM registry identity is not a defined sugar; withheld CHEBI:16646 broadMatch cannot be silently imported or converted to exact identity. Chemical identity remains unresolved; this disposition neither redirects the existing object nor changes the source assertion.
sha256:0c6ff730a108720a5d6972400f2bccf2eca8621713b62736abdf5df0fb188c95#record=1568	f0ca7e828dfaf262e7e32595d604990ffbbb95c40b13c3978fc61bd52c1b40e4	lpsn:799910	Bergey_Substrates_for_end_products	PYG	https://doi.org/10.1002/9781118960608.gbm00629	kgmicrobe.compound:pyg	biolink:consumes	RO:0002438	infores:bergey-manual	knowledge_assertion	manual_agent	backslash	reported_culture_medium	unresolved	false	https://doi.org/10.1002/9781118960608.gbm00629|https://purl.obolibrary.org/obo/MICRO_0001573|https://github.com/CultureBotAI/MediaIngredientMech/blob/1848b0fe521bc2462f165912fcf92d09ad9a8cec/data/ingredients/mapped/PYG.yaml	Keep source-scoped named-medium context; do not exact-map all observations to MICRO:0001573 or assume its recipe/conditions from an acronym. Chemical identity remains unresolved; this disposition neither redirects the existing object nor changes the source assertion.
sha256:0c6ff730a108720a5d6972400f2bccf2eca8621713b62736abdf5df0fb188c95#record=15750	624968732329613a6370a559b060341dd8a5f3a95c64ce10b8edd8fc146217d6	lpsn:780192	Bergey_Substrates_for_end_products	PYG	https://doi.org/10.1002/9781118960608.gbm00631	kgmicrobe.compound:pyg	biolink:consumes	RO:0002438	infores:bergey-manual	knowledge_assertion	manual_agent	backslash	reported_culture_medium	unresolved	false	https://doi.org/10.1002/9781118960608.gbm00631|https://purl.obolibrary.org/obo/MICRO_0001573|https://github.com/CultureBotAI/MediaIngredientMech/blob/1848b0fe521bc2462f165912fcf92d09ad9a8cec/data/ingredients/mapped/PYG.yaml	Keep source-scoped named-medium context; do not exact-map all observations to MICRO:0001573 or assume its recipe/conditions from an acronym. Chemical identity remains unresolved; this disposition neither redirects the existing object nor changes the source assertion.
sha256:0c6ff730a108720a5d6972400f2bccf2eca8621713b62736abdf5df0fb188c95#record=15796	34b6a65834127f263928e12690f2ba6868e91e332efab5b2f33837a4eb92d60f	lpsn:791937	Bergey_Substrates_for_end_products	sugars	https://doi.org/10.1002/9781118960608.gbm01861	kgmicrobe.compound:sugars	biolink:consumes	RO:0002438	infores:bergey-manual	knowledge_assertion	manual_agent	backslash	reported_substrate_class_plural	unresolved	false	https://doi.org/10.1002/9781118960608.gbm01861|https://github.com/CultureBotAI/MediaIngredientMech/blob/1848b0fe521bc2462f165912fcf92d09ad9a8cec/data/ingredients/mapped/Sugars.yaml	Retain original source-specific plural observations; MIM registry identity is not a defined sugar; withheld CHEBI:16646 broadMatch cannot be silently imported or converted to exact identity. Chemical identity remains unresolved; this disposition neither redirects the existing object nor changes the source assertion.
sha256:0c6ff730a108720a5d6972400f2bccf2eca8621713b62736abdf5df0fb188c95#record=1586	7cb33025975b7f4a2701eb7d263bca00140a234edc546b1553076fde4d7f2e7b	lpsn:773249	Bergey_Substrates_for_end_products	PYG	https://doi.org/10.1002/9781118960608.gbm00712	kgmicrobe.compound:pyg	biolink:consumes	RO:0002438	infores:bergey-manual	knowledge_assertion	manual_agent	backslash	reported_culture_medium	unresolved	false	https://doi.org/10.1002/9781118960608.gbm00712|https://purl.obolibrary.org/obo/MICRO_0001573|https://github.com/CultureBotAI/MediaIngredientMech/blob/1848b0fe521bc2462f165912fcf92d09ad9a8cec/data/ingredients/mapped/PYG.yaml	Keep source-scoped named-medium context; do not exact-map all observations to MICRO:0001573 or assume its recipe/conditions from an acronym. Chemical identity remains unresolved; this disposition neither redirects the existing object nor changes the source assertion.
sha256:0c6ff730a108720a5d6972400f2bccf2eca8621713b62736abdf5df0fb188c95#record=1587	665894e2ea4b19d2fdc4424cddc14284e784d6436dc936f0ad38b6509fd2733e	lpsn:794357	Bergey_Substrates_for_end_products	aminovalerate	https://doi.org/10.1002/9781118960608.gbm01646	kgmicrobe.compound:aminovalerate	biolink:consumes	RO:0002438	infores:bergey-manual	knowledge_assertion	manual_agent	backslash	unresolved_substrate_identity_taxon_caveat	unresolved	false	https://doi.org/10.1002/9781118960608.gbm01646|https://www.dsmz.de/collection/catalogue/details/culture/DSM-1283|https://doi.org/10.1007/BF00282102|https://github.com/CultureBotAI/MediaIngredientMech/blob/1848b0fe521bc2462f165912fcf92d09ad9a8cec/data/ingredients/mapped/Aminovalerate.yaml	Keep record 1587 literal and provenance; note DSM1283/ATCC13725 authenticity/phenotype caveat; do not assert 5-aminovalerate use from C. viride T2-7 evidence. Chemical identity remains unresolved; this disposition neither redirects the existing object nor changes the source assertion.
sha256:0c6ff730a108720a5d6972400f2bccf2eca8621713b62736abdf5df0fb188c95#record=1593	9cfa559b0f07fdd30e7861dc7fe479f3364d03a4bbbe984490e22d3285c88b93	lpsn:773250	Bergey_Substrates_for_end_products	mono- and disaccharides	https://doi.org/10.1002/9781118960608.gbm00672	kgmicrobe.compound:mono_and_disaccharides	biolink:consumes	RO:0002438	infores:bergey-manual	knowledge_assertion	manual_agent	backslash	reported_substrate_class_group	unresolved	false	https://doi.org/10.1002/9781118960608.gbm00672|https://github.com/CultureBotAI/MediaIngredientMech/blob/1848b0fe521bc2462f165912fcf92d09ad9a8cec/data/ingredients/mapped/Mono-_And_Disaccharides.yaml	Record 1593 denotes substrate classes, not a named medium or demonstrated physical mixture; report class-level scope without selecting individual sugars. Chemical identity remains unresolved; this disposition neither redirects the existing object nor changes the source assertion.
sha256:0c6ff730a108720a5d6972400f2bccf2eca8621713b62736abdf5df0fb188c95#record=16278	41b98aeef33edbe34cef405fa1d0392d526f7706c03d548b7bc6d9bc7329baae	lpsn:786949	Bergey_Substrates_for_end_products	PYG	https://doi.org/10.1002/9781118960608.gbm01536	kgmicrobe.compound:pyg	biolink:consumes	RO:0002438	infores:bergey-manual	knowledge_assertion	manual_agent	backslash	reported_culture_medium	unresolved	false	https://doi.org/10.1002/9781118960608.gbm01536|https://purl.obolibrary.org/obo/MICRO_0001573|https://github.com/CultureBotAI/MediaIngredientMech/blob/1848b0fe521bc2462f165912fcf92d09ad9a8cec/data/ingredients/mapped/PYG.yaml	Keep source-scoped named-medium context; do not exact-map all observations to MICRO:0001573 or assume its recipe/conditions from an acronym. Chemical identity remains unresolved; this disposition neither redirects the existing object nor changes the source assertion.
sha256:0c6ff730a108720a5d6972400f2bccf2eca8621713b62736abdf5df0fb188c95#record=1640	7b1d643ff409d3534fe310e792813376d2cf6dae5a041f4f5595648dda6e81b1	lpsn:791209	Bergey_Substrates_for_end_products	PYG	https://doi.org/10.1002/9781118960608.gbm00629	kgmicrobe.compound:pyg	biolink:consumes	RO:0002438	infores:bergey-manual	knowledge_assertion	manual_agent	backslash	reported_culture_medium	unresolved	false	https://doi.org/10.1002/9781118960608.gbm00629|https://purl.obolibrary.org/obo/MICRO_0001573|https://github.com/CultureBotAI/MediaIngredientMech/blob/1848b0fe521bc2462f165912fcf92d09ad9a8cec/data/ingredients/mapped/PYG.yaml	Keep source-scoped named-medium context; do not exact-map all observations to MICRO:0001573 or assume its recipe/conditions from an acronym. Chemical identity remains unresolved; this disposition neither redirects the existing object nor changes the source assertion.
sha256:0c6ff730a108720a5d6972400f2bccf2eca8621713b62736abdf5df0fb188c95#record=17345	15d63b3e5be376e24e25818e7801fd8d7f54c34fbf5c7dba1781924c8bc42c30	lpsn:72262	Bergey_Substrates_for_end_products	PYG	https://doi.org/10.1002/9781118960608.gbm00705	kgmicrobe.compound:pyg	biolink:consumes	RO:0002438	infores:bergey-manual	knowledge_assertion	manual_agent	backslash	reported_culture_medium	unresolved	false	https://doi.org/10.1002/9781118960608.gbm00705|https://purl.obolibrary.org/obo/MICRO_0001573|https://github.com/CultureBotAI/MediaIngredientMech/blob/1848b0fe521bc2462f165912fcf92d09ad9a8cec/data/ingredients/mapped/PYG.yaml	Keep source-scoped named-medium context; do not exact-map all observations to MICRO:0001573 or assume its recipe/conditions from an acronym. Chemical identity remains unresolved; this disposition neither redirects the existing object nor changes the source assertion.
sha256:0c6ff730a108720a5d6972400f2bccf2eca8621713b62736abdf5df0fb188c95#record=17750	2215122d69d15afe86b9e340486ee3d0e668ef446f40903e09d61b2fb0ba4f49	lpsn:10610	Bergey_Major_end_products	isopropionate	https://doi.org/10.1002/9781118960608.gbm02038	kgmicrobe.compound:isopropionate	biolink:produces	RO:0002234	infores:bergey-manual	knowledge_assertion	manual_agent	backslash	unresolved_product_identity	unresolved	false	https://doi.org/10.1002/9781118960608.gbm02038|https://doi.org/10.1099/ijsem.0.004340|https://github.com/CultureBotAI/MediaIngredientMech/blob/1848b0fe521bc2462f165912fcf92d09ad9a8cec/data/ingredients/mapped/Isopropionate.yaml	Preserve record 17750 product and literal; source uses i-Pr and primary table expands it as iso-propionate; do not substitute propionate/isobutyrate/isopropanol without source correction. Chemical identity remains unresolved; this disposition neither redirects the existing object nor changes the source assertion.
sha256:0c6ff730a108720a5d6972400f2bccf2eca8621713b62736abdf5df0fb188c95#record=19576	dcf930a86894cbe628a398423af00b4025e641e604f96412479a8534ff75d62b	lpsn:785041	Bergey_Substrates_for_end_products	peptones	https://doi.org/10.1002/9781118960608.gbm01250	kgmicrobe.compound:peptones	biolink:consumes	RO:0002438	infores:bergey-manual	knowledge_assertion	manual_agent	backslash	reported_undefined_protein_digest	unresolved	false	https://doi.org/10.1002/9781118960608.gbm01250|https://purl.obolibrary.org/obo/MICRO_0000178|https://purl.obolibrary.org/obo/MICRO_0000172	Records 19576/14009 support unspecified protein-digest material; no mammalian origin established, so MICRO:0000178 is not an exact target; broader classification requires an explicit nonidentity route. Chemical identity remains unresolved; this disposition neither redirects the existing object nor changes the source assertion.
sha256:0c6ff730a108720a5d6972400f2bccf2eca8621713b62736abdf5df0fb188c95#record=19685	f96206bc73f8fa93d7a144e6f4f586e8e464d23b31d8093a0d510bc5d272302a	lpsn:789679	Bergey_Minor_end_products	3-methylacetate	https://doi.org/10.1002/9781118960608.gbm01426	kgmicrobe.compound:3_methylacetate	biolink:produces	RO:0002234	infores:bergey-manual	knowledge_assertion	manual_agent	backslash	unresolved_product_identity	unresolved	false	https://doi.org/10.1002/9781118960608.gbm01426|https://github.com/CultureBotAI/MediaIngredientMech/blob/1848b0fe521bc2462f165912fcf92d09ad9a8cec/data/ingredients/unmapped/3-methylacetate.yaml	Preserve record 19685 minor-product evidence; literal appears in raw prose and structured field; do not classify as importer fragment or guess a replacement. Chemical identity remains unresolved; this disposition neither redirects the existing object nor changes the source assertion.
sha256:0c6ff730a108720a5d6972400f2bccf2eca8621713b62736abdf5df0fb188c95#record=19987	084c59dc618f7ad761eb774f2276a4100c3db84188c0777cb32c76d01df90992	lpsn:782526	Bergey_Substrates_for_end_products	PYG	https://doi.org/10.1002/9781118960608.gbm00755	kgmicrobe.compound:pyg	biolink:consumes	RO:0002438	infores:bergey-manual	knowledge_assertion	manual_agent	backslash	reported_culture_medium	unresolved	false	https://doi.org/10.1002/9781118960608.gbm00755|https://purl.obolibrary.org/obo/MICRO_0001573|https://github.com/CultureBotAI/MediaIngredientMech/blob/1848b0fe521bc2462f165912fcf92d09ad9a8cec/data/ingredients/mapped/PYG.yaml	Keep source-scoped named-medium context; do not exact-map all observations to MICRO:0001573 or assume its recipe/conditions from an acronym. Chemical identity remains unresolved; this disposition neither redirects the existing object nor changes the source assertion.
sha256:0c6ff730a108720a5d6972400f2bccf2eca8621713b62736abdf5df0fb188c95#record=20163	5a76d245fd10475edcfab9b3b39a72b61a95f1361386d779666b160ac81a4101	lpsn:69483	Bergey_Substrates_for_end_products	sugars	https://doi.org/10.1002/9781118960608.gbm01861	kgmicrobe.compound:sugars	biolink:consumes	RO:0002438	infores:bergey-manual	knowledge_assertion	manual_agent	backslash	reported_substrate_class_plural	unresolved	false	https://doi.org/10.1002/9781118960608.gbm01861|https://github.com/CultureBotAI/MediaIngredientMech/blob/1848b0fe521bc2462f165912fcf92d09ad9a8cec/data/ingredients/mapped/Sugars.yaml	Retain original source-specific plural observations; MIM registry identity is not a defined sugar; withheld CHEBI:16646 broadMatch cannot be silently imported or converted to exact identity. Chemical identity remains unresolved; this disposition neither redirects the existing object nor changes the source assertion.
sha256:0c6ff730a108720a5d6972400f2bccf2eca8621713b62736abdf5df0fb188c95#record=20167	59ae048c6b8aef1e612a147c7487a8cb65efdff1ee5003d6fede92cf5a6044c6	lpsn:4583	Bergey_Substrates_for_end_products	sugars	https://doi.org/10.1002/9781118960608.gbm01861	kgmicrobe.compound:sugars	biolink:consumes	RO:0002438	infores:bergey-manual	knowledge_assertion	manual_agent	backslash	reported_substrate_class_plural	unresolved	false	https://doi.org/10.1002/9781118960608.gbm01861|https://github.com/CultureBotAI/MediaIngredientMech/blob/1848b0fe521bc2462f165912fcf92d09ad9a8cec/data/ingredients/mapped/Sugars.yaml	Retain original source-specific plural observations; MIM registry identity is not a defined sugar; withheld CHEBI:16646 broadMatch cannot be silently imported or converted to exact identity. Chemical identity remains unresolved; this disposition neither redirects the existing object nor changes the source assertion.
sha256:0c6ff730a108720a5d6972400f2bccf2eca8621713b62736abdf5df0fb188c95#record=20355	4a254cbb5ecd43f641cd98134cb716c4f8ef75bffd0ea405a2b7b7caabf7cdb2	lpsn:782798	Bergey_Substrates_for_end_products	PYG	https://doi.org/10.1002/9781118960608.gbm01083	kgmicrobe.compound:pyg	biolink:consumes	RO:0002438	infores:bergey-manual	knowledge_assertion	manual_agent	backslash	reported_culture_medium	unresolved	false	https://doi.org/10.1002/9781118960608.gbm01083|https://purl.obolibrary.org/obo/MICRO_0001573|https://github.com/CultureBotAI/MediaIngredientMech/blob/1848b0fe521bc2462f165912fcf92d09ad9a8cec/data/ingredients/mapped/PYG.yaml	Keep source-scoped named-medium context; do not exact-map all observations to MICRO:0001573 or assume its recipe/conditions from an acronym. Chemical identity remains unresolved; this disposition neither redirects the existing object nor changes the source assertion.
sha256:0c6ff730a108720a5d6972400f2bccf2eca8621713b62736abdf5df0fb188c95#record=2733	3127c496b369ac4e4e6a05db86e0d0efd1c1d0c56e0df34388ec890586ff056a	lpsn:787483	Bergey_Substrates_for_end_products	PYG	https://doi.org/10.1002/9781118960608.gbm00619	kgmicrobe.compound:pyg	biolink:consumes	RO:0002438	infores:bergey-manual	knowledge_assertion	manual_agent	backslash	reported_culture_medium	unresolved	false	https://doi.org/10.1002/9781118960608.gbm00619|https://purl.obolibrary.org/obo/MICRO_0001573|https://github.com/CultureBotAI/MediaIngredientMech/blob/1848b0fe521bc2462f165912fcf92d09ad9a8cec/data/ingredients/mapped/PYG.yaml	Keep source-scoped named-medium context; do not exact-map all observations to MICRO:0001573 or assume its recipe/conditions from an acronym. Chemical identity remains unresolved; this disposition neither redirects the existing object nor changes the source assertion.
sha256:0c6ff730a108720a5d6972400f2bccf2eca8621713b62736abdf5df0fb188c95#record=3284	feedda457622f23cfd89e9dc507ae822cce6cf4837ffd919bf377954b1a2c55d	lpsn:774342	Bergey_Substrates_for_end_products	sugars	https://doi.org/10.1002/9781118960608.gbm00754	kgmicrobe.compound:sugars	biolink:consumes	RO:0002438	infores:bergey-manual	knowledge_assertion	manual_agent	backslash	reported_substrate_class_plural	unresolved	false	https://doi.org/10.1002/9781118960608.gbm00754|https://github.com/CultureBotAI/MediaIngredientMech/blob/1848b0fe521bc2462f165912fcf92d09ad9a8cec/data/ingredients/mapped/Sugars.yaml	Retain original source-specific plural observations; MIM registry identity is not a defined sugar; withheld CHEBI:16646 broadMatch cannot be silently imported or converted to exact identity. Chemical identity remains unresolved; this disposition neither redirects the existing object nor changes the source assertion.
sha256:0c6ff730a108720a5d6972400f2bccf2eca8621713b62736abdf5df0fb188c95#record=3290	00439c51f12a9dbd8e8e51dd6a7898b1268428fb46e4a1e73e1a7f3e35682830	lpsn:774345	Bergey_Substrates_for_end_products	sugars	https://doi.org/10.1002/9781118960608.gbm00754	kgmicrobe.compound:sugars	biolink:consumes	RO:0002438	infores:bergey-manual	knowledge_assertion	manual_agent	backslash	reported_substrate_class_plural	unresolved	false	https://doi.org/10.1002/9781118960608.gbm00754|https://github.com/CultureBotAI/MediaIngredientMech/blob/1848b0fe521bc2462f165912fcf92d09ad9a8cec/data/ingredients/mapped/Sugars.yaml	Retain original source-specific plural observations; MIM registry identity is not a defined sugar; withheld CHEBI:16646 broadMatch cannot be silently imported or converted to exact identity. Chemical identity remains unresolved; this disposition neither redirects the existing object nor changes the source assertion.
sha256:0c6ff730a108720a5d6972400f2bccf2eca8621713b62736abdf5df0fb188c95#record=3291	a37d3f6067b9ed8a13466e58efc4ebc8187c707cebd3b22c8eb3982ea7e8312b	lpsn:774346	Bergey_Substrates_for_end_products	sugars	https://doi.org/10.1002/9781118960608.gbm00754	kgmicrobe.compound:sugars	biolink:consumes	RO:0002438	infores:bergey-manual	knowledge_assertion	manual_agent	backslash	reported_substrate_class_plural	unresolved	false	https://doi.org/10.1002/9781118960608.gbm00754|https://github.com/CultureBotAI/MediaIngredientMech/blob/1848b0fe521bc2462f165912fcf92d09ad9a8cec/data/ingredients/mapped/Sugars.yaml	Retain original source-specific plural observations; MIM registry identity is not a defined sugar; withheld CHEBI:16646 broadMatch cannot be silently imported or converted to exact identity. Chemical identity remains unresolved; this disposition neither redirects the existing object nor changes the source assertion.
sha256:0c6ff730a108720a5d6972400f2bccf2eca8621713b62736abdf5df0fb188c95#record=3575	cded75290a553a3cf51553b8b413a2cb8fc1d1553c917595bd091982a3a45687	lpsn:774555	Bergey_Substrates_for_end_products	sugars	https://doi.org/10.1002/9781118960608.gbm00063	kgmicrobe.compound:sugars	biolink:consumes	RO:0002438	infores:bergey-manual	knowledge_assertion	manual_agent	backslash	reported_substrate_class_plural	unresolved	false	https://doi.org/10.1002/9781118960608.gbm00063|https://github.com/CultureBotAI/MediaIngredientMech/blob/1848b0fe521bc2462f165912fcf92d09ad9a8cec/data/ingredients/mapped/Sugars.yaml	Retain original source-specific plural observations; MIM registry identity is not a defined sugar; withheld CHEBI:16646 broadMatch cannot be silently imported or converted to exact identity. Chemical identity remains unresolved; this disposition neither redirects the existing object nor changes the source assertion.
sha256:0c6ff730a108720a5d6972400f2bccf2eca8621713b62736abdf5df0fb188c95#record=4042	cbff560f0c4e8c1da000356f024d2c8abf9e416af3a2712cfeec53442299e06b	lpsn:794449	Bergey_Substrates_for_end_products	PYG	https://doi.org/10.1002/9781118960608.gbm00619	kgmicrobe.compound:pyg	biolink:consumes	RO:0002438	infores:bergey-manual	knowledge_assertion	manual_agent	backslash	reported_culture_medium	unresolved	false	https://doi.org/10.1002/9781118960608.gbm00619|https://purl.obolibrary.org/obo/MICRO_0001573|https://github.com/CultureBotAI/MediaIngredientMech/blob/1848b0fe521bc2462f165912fcf92d09ad9a8cec/data/ingredients/mapped/PYG.yaml	Keep source-scoped named-medium context; do not exact-map all observations to MICRO:0001573 or assume its recipe/conditions from an acronym. Chemical identity remains unresolved; this disposition neither redirects the existing object nor changes the source assertion.
sha256:0c6ff730a108720a5d6972400f2bccf2eca8621713b62736abdf5df0fb188c95#record=4059	c428bbbddde0f365aec409a073415e4d564b1e76c946fa1f709c2b1f8c8cb42f	lpsn:783656	Bergey_Substrates_for_end_products	PYG	https://doi.org/10.1002/9781118960608.gbm00619	kgmicrobe.compound:pyg	biolink:consumes	RO:0002438	infores:bergey-manual	knowledge_assertion	manual_agent	backslash	reported_culture_medium	unresolved	false	https://doi.org/10.1002/9781118960608.gbm00619|https://purl.obolibrary.org/obo/MICRO_0001573|https://github.com/CultureBotAI/MediaIngredientMech/blob/1848b0fe521bc2462f165912fcf92d09ad9a8cec/data/ingredients/mapped/PYG.yaml	Keep source-scoped named-medium context; do not exact-map all observations to MICRO:0001573 or assume its recipe/conditions from an acronym. Chemical identity remains unresolved; this disposition neither redirects the existing object nor changes the source assertion.
sha256:0c6ff730a108720a5d6972400f2bccf2eca8621713b62736abdf5df0fb188c95#record=4062	840fe96d2b5d836328d6051d9938a3e30b6047c0789883de95d51e6b35497b1b	lpsn:774832	Bergey_Substrates_for_end_products	PYG	https://doi.org/10.1002/9781118960608.gbm00619	kgmicrobe.compound:pyg	biolink:consumes	RO:0002438	infores:bergey-manual	knowledge_assertion	manual_agent	backslash	reported_culture_medium	unresolved	false	https://doi.org/10.1002/9781118960608.gbm00619|https://purl.obolibrary.org/obo/MICRO_0001573|https://github.com/CultureBotAI/MediaIngredientMech/blob/1848b0fe521bc2462f165912fcf92d09ad9a8cec/data/ingredients/mapped/PYG.yaml	Keep source-scoped named-medium context; do not exact-map all observations to MICRO:0001573 or assume its recipe/conditions from an acronym. Chemical identity remains unresolved; this disposition neither redirects the existing object nor changes the source assertion.
sha256:0c6ff730a108720a5d6972400f2bccf2eca8621713b62736abdf5df0fb188c95#record=4064	72317a0f7475fb370211a722f0161633bfe3d45a2da63f7da3c9d976e97997a9	lpsn:774835	Bergey_Substrates_for_end_products	PYG	https://doi.org/10.1002/9781118960608.gbm00619	kgmicrobe.compound:pyg	biolink:consumes	RO:0002438	infores:bergey-manual	knowledge_assertion	manual_agent	backslash	reported_culture_medium	unresolved	false	https://doi.org/10.1002/9781118960608.gbm00619|https://purl.obolibrary.org/obo/MICRO_0001573|https://github.com/CultureBotAI/MediaIngredientMech/blob/1848b0fe521bc2462f165912fcf92d09ad9a8cec/data/ingredients/mapped/PYG.yaml	Keep source-scoped named-medium context; do not exact-map all observations to MICRO:0001573 or assume its recipe/conditions from an acronym. Chemical identity remains unresolved; this disposition neither redirects the existing object nor changes the source assertion.
sha256:0c6ff730a108720a5d6972400f2bccf2eca8621713b62736abdf5df0fb188c95#record=4066	7bb6b34699b702bf96ae69dc8980868d609b7a883e4d1ab3ca6e8971edbc9c03	lpsn:783659	Bergey_Substrates_for_end_products	PYG	https://doi.org/10.1002/9781118960608.gbm00619	kgmicrobe.compound:pyg	biolink:consumes	RO:0002438	infores:bergey-manual	knowledge_assertion	manual_agent	backslash	reported_culture_medium	unresolved	false	https://doi.org/10.1002/9781118960608.gbm00619|https://purl.obolibrary.org/obo/MICRO_0001573|https://github.com/CultureBotAI/MediaIngredientMech/blob/1848b0fe521bc2462f165912fcf92d09ad9a8cec/data/ingredients/mapped/PYG.yaml	Keep source-scoped named-medium context; do not exact-map all observations to MICRO:0001573 or assume its recipe/conditions from an acronym. Chemical identity remains unresolved; this disposition neither redirects the existing object nor changes the source assertion.
sha256:0c6ff730a108720a5d6972400f2bccf2eca8621713b62736abdf5df0fb188c95#record=4069	6db667f62ee757a7238025479c987ecbde3ba80ef893a0b4b961411b3b23ef06	lpsn:798388	Bergey_Substrates_for_end_products	PYG	https://doi.org/10.1002/9781118960608.gbm00629	kgmicrobe.compound:pyg	biolink:consumes	RO:0002438	infores:bergey-manual	knowledge_assertion	manual_agent	backslash	reported_culture_medium	unresolved	false	https://doi.org/10.1002/9781118960608.gbm00629|https://purl.obolibrary.org/obo/MICRO_0001573|https://github.com/CultureBotAI/MediaIngredientMech/blob/1848b0fe521bc2462f165912fcf92d09ad9a8cec/data/ingredients/mapped/PYG.yaml	Keep source-scoped named-medium context; do not exact-map all observations to MICRO:0001573 or assume its recipe/conditions from an acronym. Chemical identity remains unresolved; this disposition neither redirects the existing object nor changes the source assertion.
sha256:0c6ff730a108720a5d6972400f2bccf2eca8621713b62736abdf5df0fb188c95#record=4071	f2fdcf8cb4052a8720a01d6455c8e4834e3d54b9ecc412ee8f222f94485b1281	lpsn:774842	Bergey_Substrates_for_end_products	PYG	https://doi.org/10.1002/9781118960608.gbm00619	kgmicrobe.compound:pyg	biolink:consumes	RO:0002438	infores:bergey-manual	knowledge_assertion	manual_agent	backslash	reported_culture_medium	unresolved	false	https://doi.org/10.1002/9781118960608.gbm00619|https://purl.obolibrary.org/obo/MICRO_0001573|https://github.com/CultureBotAI/MediaIngredientMech/blob/1848b0fe521bc2462f165912fcf92d09ad9a8cec/data/ingredients/mapped/PYG.yaml	Keep source-scoped named-medium context; do not exact-map all observations to MICRO:0001573 or assume its recipe/conditions from an acronym. Chemical identity remains unresolved; this disposition neither redirects the existing object nor changes the source assertion.
sha256:0c6ff730a108720a5d6972400f2bccf2eca8621713b62736abdf5df0fb188c95#record=4072	26f4444fd79cbbc1417f107e1e2fc0533e3a01fe6ddbfceed7bb565d06ff1ed1	lpsn:774843	Bergey_Substrates_for_end_products	PYG	https://doi.org/10.1002/9781118960608.gbm00619	kgmicrobe.compound:pyg	biolink:consumes	RO:0002438	infores:bergey-manual	knowledge_assertion	manual_agent	backslash	reported_culture_medium	unresolved	false	https://doi.org/10.1002/9781118960608.gbm00619|https://purl.obolibrary.org/obo/MICRO_0001573|https://github.com/CultureBotAI/MediaIngredientMech/blob/1848b0fe521bc2462f165912fcf92d09ad9a8cec/data/ingredients/mapped/PYG.yaml	Keep source-scoped named-medium context; do not exact-map all observations to MICRO:0001573 or assume its recipe/conditions from an acronym. Chemical identity remains unresolved; this disposition neither redirects the existing object nor changes the source assertion.
sha256:0c6ff730a108720a5d6972400f2bccf2eca8621713b62736abdf5df0fb188c95#record=4075	cf95bfbf8f7b4a1a3ea7879cecfaef623e22f70ef5bf06c982c9dd73a83e4304	lpsn:774848	Bergey_Substrates_for_end_products	PYG	https://doi.org/10.1002/9781118960608.gbm00619	kgmicrobe.compound:pyg	biolink:consumes	RO:0002438	infores:bergey-manual	knowledge_assertion	manual_agent	backslash	reported_culture_medium	unresolved	false	https://doi.org/10.1002/9781118960608.gbm00619|https://purl.obolibrary.org/obo/MICRO_0001573|https://github.com/CultureBotAI/MediaIngredientMech/blob/1848b0fe521bc2462f165912fcf92d09ad9a8cec/data/ingredients/mapped/PYG.yaml	Keep source-scoped named-medium context; do not exact-map all observations to MICRO:0001573 or assume its recipe/conditions from an acronym. Chemical identity remains unresolved; this disposition neither redirects the existing object nor changes the source assertion.
sha256:0c6ff730a108720a5d6972400f2bccf2eca8621713b62736abdf5df0fb188c95#record=4077	c58460fb393bc764f85da173a918de9b9b42f9c5dcbca4ec03fde2c02c02fe1b	lpsn:774849	Bergey_Substrates_for_end_products	PYG	https://doi.org/10.1002/9781118960608.gbm00619	kgmicrobe.compound:pyg	biolink:consumes	RO:0002438	infores:bergey-manual	knowledge_assertion	manual_agent	backslash	reported_culture_medium	unresolved	false	https://doi.org/10.1002/9781118960608.gbm00619|https://purl.obolibrary.org/obo/MICRO_0001573|https://github.com/CultureBotAI/MediaIngredientMech/blob/1848b0fe521bc2462f165912fcf92d09ad9a8cec/data/ingredients/mapped/PYG.yaml	Keep source-scoped named-medium context; do not exact-map all observations to MICRO:0001573 or assume its recipe/conditions from an acronym. Chemical identity remains unresolved; this disposition neither redirects the existing object nor changes the source assertion.
sha256:0c6ff730a108720a5d6972400f2bccf2eca8621713b62736abdf5df0fb188c95#record=4081	bdb2ff2f2537fa7f1d8082acc450ae158a3290874fd21e14ae586de8c20fd8cf	lpsn:774855	Bergey_Substrates_for_end_products	PYG	https://doi.org/10.1002/9781118960608.gbm00619	kgmicrobe.compound:pyg	biolink:consumes	RO:0002438	infores:bergey-manual	knowledge_assertion	manual_agent	backslash	reported_culture_medium	unresolved	false	https://doi.org/10.1002/9781118960608.gbm00619|https://purl.obolibrary.org/obo/MICRO_0001573|https://github.com/CultureBotAI/MediaIngredientMech/blob/1848b0fe521bc2462f165912fcf92d09ad9a8cec/data/ingredients/mapped/PYG.yaml	Keep source-scoped named-medium context; do not exact-map all observations to MICRO:0001573 or assume its recipe/conditions from an acronym. Chemical identity remains unresolved; this disposition neither redirects the existing object nor changes the source assertion.
sha256:0c6ff730a108720a5d6972400f2bccf2eca8621713b62736abdf5df0fb188c95#record=4084	5b4471d472313d963e0ce975de9c28311d0a5b6429232a234e33d5518275646d	lpsn:774859	Bergey_Substrates_for_end_products	PYG	https://doi.org/10.1002/9781118960608.gbm00619	kgmicrobe.compound:pyg	biolink:consumes	RO:0002438	infores:bergey-manual	knowledge_assertion	manual_agent	backslash	reported_culture_medium	unresolved	false	https://doi.org/10.1002/9781118960608.gbm00619|https://purl.obolibrary.org/obo/MICRO_0001573|https://github.com/CultureBotAI/MediaIngredientMech/blob/1848b0fe521bc2462f165912fcf92d09ad9a8cec/data/ingredients/mapped/PYG.yaml	Keep source-scoped named-medium context; do not exact-map all observations to MICRO:0001573 or assume its recipe/conditions from an acronym. Chemical identity remains unresolved; this disposition neither redirects the existing object nor changes the source assertion.
sha256:0c6ff730a108720a5d6972400f2bccf2eca8621713b62736abdf5df0fb188c95#record=4085	b058ba8f37e997f3807e1624328aebaeea79123397b0891035d64d4c5a2aefb1	lpsn:774860	Bergey_Substrates_for_end_products	PYG	https://doi.org/10.1002/9781118960608.gbm00619	kgmicrobe.compound:pyg	biolink:consumes	RO:0002438	infores:bergey-manual	knowledge_assertion	manual_agent	backslash	reported_culture_medium	unresolved	false	https://doi.org/10.1002/9781118960608.gbm00619|https://purl.obolibrary.org/obo/MICRO_0001573|https://github.com/CultureBotAI/MediaIngredientMech/blob/1848b0fe521bc2462f165912fcf92d09ad9a8cec/data/ingredients/mapped/PYG.yaml	Keep source-scoped named-medium context; do not exact-map all observations to MICRO:0001573 or assume its recipe/conditions from an acronym. Chemical identity remains unresolved; this disposition neither redirects the existing object nor changes the source assertion.
sha256:0c6ff730a108720a5d6972400f2bccf2eca8621713b62736abdf5df0fb188c95#record=4087	2c81fd7897738a24fa3f03d876eff99f6db80c745ab6af7e1e0d73e2d499b9ec	lpsn:774862	Bergey_Substrates_for_end_products	PYG	https://doi.org/10.1002/9781118960608.gbm00619	kgmicrobe.compound:pyg	biolink:consumes	RO:0002438	infores:bergey-manual	knowledge_assertion	manual_agent	backslash	reported_culture_medium	unresolved	false	https://doi.org/10.1002/9781118960608.gbm00619|https://purl.obolibrary.org/obo/MICRO_0001573|https://github.com/CultureBotAI/MediaIngredientMech/blob/1848b0fe521bc2462f165912fcf92d09ad9a8cec/data/ingredients/mapped/PYG.yaml	Keep source-scoped named-medium context; do not exact-map all observations to MICRO:0001573 or assume its recipe/conditions from an acronym. Chemical identity remains unresolved; this disposition neither redirects the existing object nor changes the source assertion.
sha256:0c6ff730a108720a5d6972400f2bccf2eca8621713b62736abdf5df0fb188c95#record=4089	9a9e0d845460ed0dda93e46a24aca4817309da4c2ea7cfd0b3e5657cf2c61d0c	lpsn:798389	Bergey_Substrates_for_end_products	PYG	https://doi.org/10.1002/9781118960608.gbm00629	kgmicrobe.compound:pyg	biolink:consumes	RO:0002438	infores:bergey-manual	knowledge_assertion	manual_agent	backslash	reported_culture_medium	unresolved	false	https://doi.org/10.1002/9781118960608.gbm00629|https://purl.obolibrary.org/obo/MICRO_0001573|https://github.com/CultureBotAI/MediaIngredientMech/blob/1848b0fe521bc2462f165912fcf92d09ad9a8cec/data/ingredients/mapped/PYG.yaml	Keep source-scoped named-medium context; do not exact-map all observations to MICRO:0001573 or assume its recipe/conditions from an acronym. Chemical identity remains unresolved; this disposition neither redirects the existing object nor changes the source assertion.
sha256:0c6ff730a108720a5d6972400f2bccf2eca8621713b62736abdf5df0fb188c95#record=4104	f0303c20fd16ab2fe3d204ceddb775d20ca89dbc6ba9e6405c1123bb67d5d7ad	lpsn:774882	Bergey_Substrates_for_end_products	PYGS	https://doi.org/10.1002/9781118960608.gbm00619	kgmicrobe.compound:pygs	biolink:consumes	RO:0002438	infores:bergey-manual	knowledge_assertion	manual_agent	backslash	reviewed_source_culture_medium	unresolved	false	https://doi.org/10.1002/9781118960608.gbm00619|https://doi.org/10.1099/00207713-49-4-1539|https://github.com/CultureBotAI/MediaIngredientMech/blob/1848b0fe521bc2462f165912fcf92d09ad9a8cec/data/ingredients/mapped/PYGS.yaml	For full pinned records 8883/4104/4109 only, expand medium name as peptone-yeast extract-glucose-starch broth; retain unknown recipe quantities and do not infer component-specific consumption. Chemical identity remains unresolved; this disposition neither redirects the existing object nor changes the source assertion.
sha256:0c6ff730a108720a5d6972400f2bccf2eca8621713b62736abdf5df0fb188c95#record=4109	b0531e07c63bb0ffc8f13b67ab5ee896f2f19af2f5185f869679692d79a2b690	lpsn:774884	Bergey_Substrates_for_end_products	PYGS	https://doi.org/10.1002/9781118960608.gbm00619	kgmicrobe.compound:pygs	biolink:consumes	RO:0002438	infores:bergey-manual	knowledge_assertion	manual_agent	backslash	reviewed_source_culture_medium	unresolved	false	https://doi.org/10.1002/9781118960608.gbm00619|https://doi.org/10.1099/00207713-50-1-107|https://github.com/CultureBotAI/MediaIngredientMech/blob/1848b0fe521bc2462f165912fcf92d09ad9a8cec/data/ingredients/mapped/PYGS.yaml	For full pinned records 8883/4104/4109 only, expand medium name as peptone-yeast extract-glucose-starch broth; retain unknown recipe quantities and do not infer component-specific consumption. Chemical identity remains unresolved; this disposition neither redirects the existing object nor changes the source assertion.
sha256:0c6ff730a108720a5d6972400f2bccf2eca8621713b62736abdf5df0fb188c95#record=4113	1fef21bc337157a72a01fd82c76ae437cd9778c7ee881bb2f5de03b6eab1a301	lpsn:774890	Bergey_Substrates_for_end_products	PYG	https://doi.org/10.1002/9781118960608.gbm00619	kgmicrobe.compound:pyg	biolink:consumes	RO:0002438	infores:bergey-manual	knowledge_assertion	manual_agent	backslash	reported_culture_medium	unresolved	false	https://doi.org/10.1002/9781118960608.gbm00619|https://purl.obolibrary.org/obo/MICRO_0001573|https://github.com/CultureBotAI/MediaIngredientMech/blob/1848b0fe521bc2462f165912fcf92d09ad9a8cec/data/ingredients/mapped/PYG.yaml	Keep source-scoped named-medium context; do not exact-map all observations to MICRO:0001573 or assume its recipe/conditions from an acronym. Chemical identity remains unresolved; this disposition neither redirects the existing object nor changes the source assertion.
sha256:0c6ff730a108720a5d6972400f2bccf2eca8621713b62736abdf5df0fb188c95#record=4120	612b3ddbd6cba8a343cdc3dbdc6d7a644bee1ffbbdfb2571ff7e57cac1f09fa4	lpsn:774902	Bergey_Substrates_for_end_products	PYG	https://doi.org/10.1002/9781118960608.gbm00619	kgmicrobe.compound:pyg	biolink:consumes	RO:0002438	infores:bergey-manual	knowledge_assertion	manual_agent	backslash	reported_culture_medium	unresolved	false	https://doi.org/10.1002/9781118960608.gbm00619|https://purl.obolibrary.org/obo/MICRO_0001573|https://github.com/CultureBotAI/MediaIngredientMech/blob/1848b0fe521bc2462f165912fcf92d09ad9a8cec/data/ingredients/mapped/PYG.yaml	Keep source-scoped named-medium context; do not exact-map all observations to MICRO:0001573 or assume its recipe/conditions from an acronym. Chemical identity remains unresolved; this disposition neither redirects the existing object nor changes the source assertion.
sha256:0c6ff730a108720a5d6972400f2bccf2eca8621713b62736abdf5df0fb188c95#record=4122	a72f9304b7b5c20fd1102bad7cf03662d3796e14c29f86ba9c41e699f1fafefb	lpsn:774905	Bergey_Substrates_for_end_products	PYG	https://doi.org/10.1002/9781118960608.gbm00619	kgmicrobe.compound:pyg	biolink:consumes	RO:0002438	infores:bergey-manual	knowledge_assertion	manual_agent	backslash	reported_culture_medium	unresolved	false	https://doi.org/10.1002/9781118960608.gbm00619|https://purl.obolibrary.org/obo/MICRO_0001573|https://github.com/CultureBotAI/MediaIngredientMech/blob/1848b0fe521bc2462f165912fcf92d09ad9a8cec/data/ingredients/mapped/PYG.yaml	Keep source-scoped named-medium context; do not exact-map all observations to MICRO:0001573 or assume its recipe/conditions from an acronym. Chemical identity remains unresolved; this disposition neither redirects the existing object nor changes the source assertion.
sha256:0c6ff730a108720a5d6972400f2bccf2eca8621713b62736abdf5df0fb188c95#record=4139	f925c03153424d5537025c83cc68d7f21ebd2e331f98014ac99ddfe989300612	lpsn:793809	Bergey_Substrates_for_end_products	PYG	https://doi.org/10.1002/9781118960608.gbm00629	kgmicrobe.compound:pyg	biolink:consumes	RO:0002438	infores:bergey-manual	knowledge_assertion	manual_agent	backslash	reported_culture_medium	unresolved	false	https://doi.org/10.1002/9781118960608.gbm00629|https://purl.obolibrary.org/obo/MICRO_0001573|https://github.com/CultureBotAI/MediaIngredientMech/blob/1848b0fe521bc2462f165912fcf92d09ad9a8cec/data/ingredients/mapped/PYG.yaml	Keep source-scoped named-medium context; do not exact-map all observations to MICRO:0001573 or assume its recipe/conditions from an acronym. Chemical identity remains unresolved; this disposition neither redirects the existing object nor changes the source assertion.
sha256:0c6ff730a108720a5d6972400f2bccf2eca8621713b62736abdf5df0fb188c95#record=4145	05bf5d7a4cf3c3a6e873df3c5e8ee29e55d3a74b6524be2ba49ebf8cf525bc6e	lpsn:69698	Bergey_Substrates_for_end_products	PYG	https://doi.org/10.1002/9781118960608.gbm00619	kgmicrobe.compound:pyg	biolink:consumes	RO:0002438	infores:bergey-manual	knowledge_assertion	manual_agent	backslash	reported_culture_medium	unresolved	false	https://doi.org/10.1002/9781118960608.gbm00619|https://purl.obolibrary.org/obo/MICRO_0001573|https://github.com/CultureBotAI/MediaIngredientMech/blob/1848b0fe521bc2462f165912fcf92d09ad9a8cec/data/ingredients/mapped/PYG.yaml	Keep source-scoped named-medium context; do not exact-map all observations to MICRO:0001573 or assume its recipe/conditions from an acronym. Chemical identity remains unresolved; this disposition neither redirects the existing object nor changes the source assertion.
sha256:0c6ff730a108720a5d6972400f2bccf2eca8621713b62736abdf5df0fb188c95#record=4146	f64742a06b9ff3a3d15e07d7b8feef6d4597390a7a6ae3145ddc94a0e3089d5b	lpsn:774832	Bergey_Substrates_for_end_products	PYG	https://doi.org/10.1002/9781118960608.gbm00629	kgmicrobe.compound:pyg	biolink:consumes	RO:0002438	infores:bergey-manual	knowledge_assertion	manual_agent	backslash	reported_culture_medium	unresolved	false	https://doi.org/10.1002/9781118960608.gbm00629|https://purl.obolibrary.org/obo/MICRO_0001573|https://github.com/CultureBotAI/MediaIngredientMech/blob/1848b0fe521bc2462f165912fcf92d09ad9a8cec/data/ingredients/mapped/PYG.yaml	Keep source-scoped named-medium context; do not exact-map all observations to MICRO:0001573 or assume its recipe/conditions from an acronym. Chemical identity remains unresolved; this disposition neither redirects the existing object nor changes the source assertion.
sha256:0c6ff730a108720a5d6972400f2bccf2eca8621713b62736abdf5df0fb188c95#record=4148	fb7171056398084c0ad27f13610674b20aa20e7b1a8885e210fadc30528efe25	lpsn:774936	Bergey_Substrates_for_end_products	PYG	https://doi.org/10.1002/9781118960608.gbm00619	kgmicrobe.compound:pyg	biolink:consumes	RO:0002438	infores:bergey-manual	knowledge_assertion	manual_agent	backslash	reported_culture_medium	unresolved	false	https://doi.org/10.1002/9781118960608.gbm00619|https://purl.obolibrary.org/obo/MICRO_0001573|https://github.com/CultureBotAI/MediaIngredientMech/blob/1848b0fe521bc2462f165912fcf92d09ad9a8cec/data/ingredients/mapped/PYG.yaml	Keep source-scoped named-medium context; do not exact-map all observations to MICRO:0001573 or assume its recipe/conditions from an acronym. Chemical identity remains unresolved; this disposition neither redirects the existing object nor changes the source assertion.
sha256:0c6ff730a108720a5d6972400f2bccf2eca8621713b62736abdf5df0fb188c95#record=4149	4a7b616ec47bc8e19c539bc152b9fb51c1981823fa6bb457569af14744144966	lpsn:774937	Bergey_Substrates_for_end_products	PYG	https://doi.org/10.1002/9781118960608.gbm00619	kgmicrobe.compound:pyg	biolink:consumes	RO:0002438	infores:bergey-manual	knowledge_assertion	manual_agent	backslash	reported_culture_medium	unresolved	false	https://doi.org/10.1002/9781118960608.gbm00619|https://purl.obolibrary.org/obo/MICRO_0001573|https://github.com/CultureBotAI/MediaIngredientMech/blob/1848b0fe521bc2462f165912fcf92d09ad9a8cec/data/ingredients/mapped/PYG.yaml	Keep source-scoped named-medium context; do not exact-map all observations to MICRO:0001573 or assume its recipe/conditions from an acronym. Chemical identity remains unresolved; this disposition neither redirects the existing object nor changes the source assertion.
sha256:0c6ff730a108720a5d6972400f2bccf2eca8621713b62736abdf5df0fb188c95#record=4153	e79245e788ecc451f9aaca68a7dd1107d4547c349f0f5eeeea843e65f166b97f	lpsn:774945	Bergey_Substrates_for_end_products	PYG	https://doi.org/10.1002/9781118960608.gbm00619	kgmicrobe.compound:pyg	biolink:consumes	RO:0002438	infores:bergey-manual	knowledge_assertion	manual_agent	backslash	reported_culture_medium	unresolved	false	https://doi.org/10.1002/9781118960608.gbm00619|https://purl.obolibrary.org/obo/MICRO_0001573|https://github.com/CultureBotAI/MediaIngredientMech/blob/1848b0fe521bc2462f165912fcf92d09ad9a8cec/data/ingredients/mapped/PYG.yaml	Keep source-scoped named-medium context; do not exact-map all observations to MICRO:0001573 or assume its recipe/conditions from an acronym. Chemical identity remains unresolved; this disposition neither redirects the existing object nor changes the source assertion.
sha256:0c6ff730a108720a5d6972400f2bccf2eca8621713b62736abdf5df0fb188c95#record=4155	4292ef79cd9f9589681d36e7f6079af4ffc7d202d0158f1ce9a0ae0ae1bdb421	lpsn:774947	Bergey_Substrates_for_end_products	PYG	https://doi.org/10.1002/9781118960608.gbm00619	kgmicrobe.compound:pyg	biolink:consumes	RO:0002438	infores:bergey-manual	knowledge_assertion	manual_agent	backslash	reported_culture_medium	unresolved	false	https://doi.org/10.1002/9781118960608.gbm00619|https://purl.obolibrary.org/obo/MICRO_0001573|https://github.com/CultureBotAI/MediaIngredientMech/blob/1848b0fe521bc2462f165912fcf92d09ad9a8cec/data/ingredients/mapped/PYG.yaml	Keep source-scoped named-medium context; do not exact-map all observations to MICRO:0001573 or assume its recipe/conditions from an acronym. Chemical identity remains unresolved; this disposition neither redirects the existing object nor changes the source assertion.
sha256:0c6ff730a108720a5d6972400f2bccf2eca8621713b62736abdf5df0fb188c95#record=4157	11e4fce083e55489df7a086d3344755fa3bc63b9a65b305f0de612b9897eb854	lpsn:774951	Bergey_Substrates_for_end_products	PYG	https://doi.org/10.1002/9781118960608.gbm00619	kgmicrobe.compound:pyg	biolink:consumes	RO:0002438	infores:bergey-manual	knowledge_assertion	manual_agent	backslash	reported_culture_medium	unresolved	false	https://doi.org/10.1002/9781118960608.gbm00619|https://purl.obolibrary.org/obo/MICRO_0001573|https://github.com/CultureBotAI/MediaIngredientMech/blob/1848b0fe521bc2462f165912fcf92d09ad9a8cec/data/ingredients/mapped/PYG.yaml	Keep source-scoped named-medium context; do not exact-map all observations to MICRO:0001573 or assume its recipe/conditions from an acronym. Chemical identity remains unresolved; this disposition neither redirects the existing object nor changes the source assertion.
sha256:0c6ff730a108720a5d6972400f2bccf2eca8621713b62736abdf5df0fb188c95#record=4167	6cab0e4887e3d8d34b2cfe96316d6507967e115e421f5ae01b2e980b229edf88	lpsn:774960	Bergey_Substrates_for_end_products	PYG	https://doi.org/10.1002/9781118960608.gbm00619	kgmicrobe.compound:pyg	biolink:consumes	RO:0002438	infores:bergey-manual	knowledge_assertion	manual_agent	backslash	reported_culture_medium	unresolved	false	https://doi.org/10.1002/9781118960608.gbm00619|https://purl.obolibrary.org/obo/MICRO_0001573|https://github.com/CultureBotAI/MediaIngredientMech/blob/1848b0fe521bc2462f165912fcf92d09ad9a8cec/data/ingredients/mapped/PYG.yaml	Keep source-scoped named-medium context; do not exact-map all observations to MICRO:0001573 or assume its recipe/conditions from an acronym. Chemical identity remains unresolved; this disposition neither redirects the existing object nor changes the source assertion.
sha256:0c6ff730a108720a5d6972400f2bccf2eca8621713b62736abdf5df0fb188c95#record=4170	43005f100b4024325374798ea3a5e922b9a4dbd66c91702bea51c2aabe09f90f	lpsn:774967	Bergey_Substrates_for_end_products	PYG	https://doi.org/10.1002/9781118960608.gbm00619	kgmicrobe.compound:pyg	biolink:consumes	RO:0002438	infores:bergey-manual	knowledge_assertion	manual_agent	backslash	reported_culture_medium	unresolved	false	https://doi.org/10.1002/9781118960608.gbm00619|https://purl.obolibrary.org/obo/MICRO_0001573|https://github.com/CultureBotAI/MediaIngredientMech/blob/1848b0fe521bc2462f165912fcf92d09ad9a8cec/data/ingredients/mapped/PYG.yaml	Keep source-scoped named-medium context; do not exact-map all observations to MICRO:0001573 or assume its recipe/conditions from an acronym. Chemical identity remains unresolved; this disposition neither redirects the existing object nor changes the source assertion.
sha256:0c6ff730a108720a5d6972400f2bccf2eca8621713b62736abdf5df0fb188c95#record=4174	4a8c2a8a06f5cccaff249833c652f0f78c1e612afe1047d4a6db7888b3eb058a	lpsn:774976	Bergey_Substrates_for_end_products	PYG	https://doi.org/10.1002/9781118960608.gbm00619	kgmicrobe.compound:pyg	biolink:consumes	RO:0002438	infores:bergey-manual	knowledge_assertion	manual_agent	backslash	reported_culture_medium	unresolved	false	https://doi.org/10.1002/9781118960608.gbm00619|https://purl.obolibrary.org/obo/MICRO_0001573|https://github.com/CultureBotAI/MediaIngredientMech/blob/1848b0fe521bc2462f165912fcf92d09ad9a8cec/data/ingredients/mapped/PYG.yaml	Keep source-scoped named-medium context; do not exact-map all observations to MICRO:0001573 or assume its recipe/conditions from an acronym. Chemical identity remains unresolved; this disposition neither redirects the existing object nor changes the source assertion.
sha256:0c6ff730a108720a5d6972400f2bccf2eca8621713b62736abdf5df0fb188c95#record=4175	0ac77f9da65d403b6afb99b7c07809a21bdd72a2cb88e6d05634c6966977b751	lpsn:774977	Bergey_Substrates_for_end_products	PYG	https://doi.org/10.1002/9781118960608.gbm00619	kgmicrobe.compound:pyg	biolink:consumes	RO:0002438	infores:bergey-manual	knowledge_assertion	manual_agent	backslash	reported_culture_medium	unresolved	false	https://doi.org/10.1002/9781118960608.gbm00619|https://purl.obolibrary.org/obo/MICRO_0001573|https://github.com/CultureBotAI/MediaIngredientMech/blob/1848b0fe521bc2462f165912fcf92d09ad9a8cec/data/ingredients/mapped/PYG.yaml	Keep source-scoped named-medium context; do not exact-map all observations to MICRO:0001573 or assume its recipe/conditions from an acronym. Chemical identity remains unresolved; this disposition neither redirects the existing object nor changes the source assertion.
sha256:0c6ff730a108720a5d6972400f2bccf2eca8621713b62736abdf5df0fb188c95#record=4177	1a07b558c191d5b55b6cd7ed5bb4081978d1a0ffdeae4763d5990ea62c2fa94c	lpsn:774978	Bergey_Substrates_for_end_products	PYG	https://doi.org/10.1002/9781118960608.gbm00619	kgmicrobe.compound:pyg	biolink:consumes	RO:0002438	infores:bergey-manual	knowledge_assertion	manual_agent	backslash	reported_culture_medium	unresolved	false	https://doi.org/10.1002/9781118960608.gbm00619|https://purl.obolibrary.org/obo/MICRO_0001573|https://github.com/CultureBotAI/MediaIngredientMech/blob/1848b0fe521bc2462f165912fcf92d09ad9a8cec/data/ingredients/mapped/PYG.yaml	Keep source-scoped named-medium context; do not exact-map all observations to MICRO:0001573 or assume its recipe/conditions from an acronym. Chemical identity remains unresolved; this disposition neither redirects the existing object nor changes the source assertion.
sha256:0c6ff730a108720a5d6972400f2bccf2eca8621713b62736abdf5df0fb188c95#record=4182	1bd1e1b3afd279366c17e2da55869ce6815a8332cc480eb00c25f177a3073094	lpsn:774981	Bergey_Substrates_for_end_products	PYG	https://doi.org/10.1002/9781118960608.gbm00619	kgmicrobe.compound:pyg	biolink:consumes	RO:0002438	infores:bergey-manual	knowledge_assertion	manual_agent	backslash	reported_culture_medium	unresolved	false	https://doi.org/10.1002/9781118960608.gbm00619|https://purl.obolibrary.org/obo/MICRO_0001573|https://github.com/CultureBotAI/MediaIngredientMech/blob/1848b0fe521bc2462f165912fcf92d09ad9a8cec/data/ingredients/mapped/PYG.yaml	Keep source-scoped named-medium context; do not exact-map all observations to MICRO:0001573 or assume its recipe/conditions from an acronym. Chemical identity remains unresolved; this disposition neither redirects the existing object nor changes the source assertion.
sha256:0c6ff730a108720a5d6972400f2bccf2eca8621713b62736abdf5df0fb188c95#record=4184	532829fb0d1b33e9edf180e2da1dea792bb0ddef55009d1ab1c47a73c783a97a	lpsn:774985	Bergey_Substrates_for_end_products	PYG	https://doi.org/10.1002/9781118960608.gbm00619	kgmicrobe.compound:pyg	biolink:consumes	RO:0002438	infores:bergey-manual	knowledge_assertion	manual_agent	backslash	reported_culture_medium	unresolved	false	https://doi.org/10.1002/9781118960608.gbm00619|https://purl.obolibrary.org/obo/MICRO_0001573|https://github.com/CultureBotAI/MediaIngredientMech/blob/1848b0fe521bc2462f165912fcf92d09ad9a8cec/data/ingredients/mapped/PYG.yaml	Keep source-scoped named-medium context; do not exact-map all observations to MICRO:0001573 or assume its recipe/conditions from an acronym. Chemical identity remains unresolved; this disposition neither redirects the existing object nor changes the source assertion.
sha256:0c6ff730a108720a5d6972400f2bccf2eca8621713b62736abdf5df0fb188c95#record=4192	22984d45c9edb8b1b8401c14182e2787e5f23c2f7419f9f25d465104f48a11c7	lpsn:793810	Bergey_Substrates_for_end_products	PYG	https://doi.org/10.1002/9781118960608.gbm00629	kgmicrobe.compound:pyg	biolink:consumes	RO:0002438	infores:bergey-manual	knowledge_assertion	manual_agent	backslash	reported_culture_medium	unresolved	false	https://doi.org/10.1002/9781118960608.gbm00629|https://purl.obolibrary.org/obo/MICRO_0001573|https://github.com/CultureBotAI/MediaIngredientMech/blob/1848b0fe521bc2462f165912fcf92d09ad9a8cec/data/ingredients/mapped/PYG.yaml	Keep source-scoped named-medium context; do not exact-map all observations to MICRO:0001573 or assume its recipe/conditions from an acronym. Chemical identity remains unresolved; this disposition neither redirects the existing object nor changes the source assertion.
sha256:0c6ff730a108720a5d6972400f2bccf2eca8621713b62736abdf5df0fb188c95#record=4195	22682a229f9f384f4f5512b8862ef9328d03cfd342c86aad94593cd6dba5f79f	lpsn:774998	Bergey_Substrates_for_end_products	PYG	https://doi.org/10.1002/9781118960608.gbm00619	kgmicrobe.compound:pyg	biolink:consumes	RO:0002438	infores:bergey-manual	knowledge_assertion	manual_agent	backslash	reported_culture_medium	unresolved	false	https://doi.org/10.1002/9781118960608.gbm00619|https://purl.obolibrary.org/obo/MICRO_0001573|https://github.com/CultureBotAI/MediaIngredientMech/blob/1848b0fe521bc2462f165912fcf92d09ad9a8cec/data/ingredients/mapped/PYG.yaml	Keep source-scoped named-medium context; do not exact-map all observations to MICRO:0001573 or assume its recipe/conditions from an acronym. Chemical identity remains unresolved; this disposition neither redirects the existing object nor changes the source assertion.
sha256:0c6ff730a108720a5d6972400f2bccf2eca8621713b62736abdf5df0fb188c95#record=4205	8f39a464eb369faa46f5902ab612c300f5e0a191e394ba325adc55faac68a5a7	lpsn:775018	Bergey_Substrates_for_end_products	PYG	https://doi.org/10.1002/9781118960608.gbm00619	kgmicrobe.compound:pyg	biolink:consumes	RO:0002438	infores:bergey-manual	knowledge_assertion	manual_agent	backslash	reported_culture_medium	unresolved	false	https://doi.org/10.1002/9781118960608.gbm00619|https://purl.obolibrary.org/obo/MICRO_0001573|https://github.com/CultureBotAI/MediaIngredientMech/blob/1848b0fe521bc2462f165912fcf92d09ad9a8cec/data/ingredients/mapped/PYG.yaml	Keep source-scoped named-medium context; do not exact-map all observations to MICRO:0001573 or assume its recipe/conditions from an acronym. Chemical identity remains unresolved; this disposition neither redirects the existing object nor changes the source assertion.
sha256:0c6ff730a108720a5d6972400f2bccf2eca8621713b62736abdf5df0fb188c95#record=4411	a9a8cdf8f18b55aafe653ebea86cd9b252ac6b3c4c73f49ad0d8bf0499952163	lpsn:69699	Bergey_Substrates_for_end_products	PYG	https://doi.org/10.1002/9781118960608.gbm00642	kgmicrobe.compound:pyg	biolink:consumes	RO:0002438	infores:bergey-manual	knowledge_assertion	manual_agent	backslash	reported_culture_medium	unresolved	false	https://doi.org/10.1002/9781118960608.gbm00642|https://purl.obolibrary.org/obo/MICRO_0001573|https://github.com/CultureBotAI/MediaIngredientMech/blob/1848b0fe521bc2462f165912fcf92d09ad9a8cec/data/ingredients/mapped/PYG.yaml	Keep source-scoped named-medium context; do not exact-map all observations to MICRO:0001573 or assume its recipe/conditions from an acronym. Chemical identity remains unresolved; this disposition neither redirects the existing object nor changes the source assertion.
sha256:0c6ff730a108720a5d6972400f2bccf2eca8621713b62736abdf5df0fb188c95#record=4412	2c9cbf39f9d1c3b7539a21f7f708ba731ee42bedbdd311bea9057caa110cc214	lpsn:69693	Bergey_Substrates_for_end_products	PYG	https://doi.org/10.1002/9781118960608.gbm00642	kgmicrobe.compound:pyg	biolink:consumes	RO:0002438	infores:bergey-manual	knowledge_assertion	manual_agent	backslash	reported_culture_medium	unresolved	false	https://doi.org/10.1002/9781118960608.gbm00642|https://purl.obolibrary.org/obo/MICRO_0001573|https://github.com/CultureBotAI/MediaIngredientMech/blob/1848b0fe521bc2462f165912fcf92d09ad9a8cec/data/ingredients/mapped/PYG.yaml	Keep source-scoped named-medium context; do not exact-map all observations to MICRO:0001573 or assume its recipe/conditions from an acronym. Chemical identity remains unresolved; this disposition neither redirects the existing object nor changes the source assertion.
sha256:0c6ff730a108720a5d6972400f2bccf2eca8621713b62736abdf5df0fb188c95#record=4413	f2e2379752d3ef1216b34acab8f9da92d2c45d8149d0e65e9b94fd46f64d4d52	lpsn:783693	Bergey_Substrates_for_end_products	PYG	https://doi.org/10.1002/9781118960608.gbm00642	kgmicrobe.compound:pyg	biolink:consumes	RO:0002438	infores:bergey-manual	knowledge_assertion	manual_agent	backslash	reported_culture_medium	unresolved	false	https://doi.org/10.1002/9781118960608.gbm00642|https://purl.obolibrary.org/obo/MICRO_0001573|https://github.com/CultureBotAI/MediaIngredientMech/blob/1848b0fe521bc2462f165912fcf92d09ad9a8cec/data/ingredients/mapped/PYG.yaml	Keep source-scoped named-medium context; do not exact-map all observations to MICRO:0001573 or assume its recipe/conditions from an acronym. Chemical identity remains unresolved; this disposition neither redirects the existing object nor changes the source assertion.
sha256:0c6ff730a108720a5d6972400f2bccf2eca8621713b62736abdf5df0fb188c95#record=5741	2c4735089f741de2e6cb281bf30509f55188a194b51f513d005638250adaff84	lpsn:5950	Bergey_Substrates_for_end_products	PYG	https://doi.org/10.1002/9781118960608.gbm00619	kgmicrobe.compound:pyg	biolink:consumes	RO:0002438	infores:bergey-manual	knowledge_assertion	manual_agent	backslash	reported_culture_medium	unresolved	false	https://doi.org/10.1002/9781118960608.gbm00619|https://purl.obolibrary.org/obo/MICRO_0001573|https://github.com/CultureBotAI/MediaIngredientMech/blob/1848b0fe521bc2462f165912fcf92d09ad9a8cec/data/ingredients/mapped/PYG.yaml	Keep source-scoped named-medium context; do not exact-map all observations to MICRO:0001573 or assume its recipe/conditions from an acronym. Chemical identity remains unresolved; this disposition neither redirects the existing object nor changes the source assertion.
sha256:0c6ff730a108720a5d6972400f2bccf2eca8621713b62736abdf5df0fb188c95#record=5890	2f4c2450dd51ad1e2f677f2254b33c739eb2dc4fc92e0e997f05febd087c9649	lpsn:776071	Bergey_Substrates_for_end_products	PYG	https://doi.org/10.1002/9781118960608.gbm00629	kgmicrobe.compound:pyg	biolink:consumes	RO:0002438	infores:bergey-manual	knowledge_assertion	manual_agent	backslash	reported_culture_medium	unresolved	false	https://doi.org/10.1002/9781118960608.gbm00629|https://purl.obolibrary.org/obo/MICRO_0001573|https://github.com/CultureBotAI/MediaIngredientMech/blob/1848b0fe521bc2462f165912fcf92d09ad9a8cec/data/ingredients/mapped/PYG.yaml	Keep source-scoped named-medium context; do not exact-map all observations to MICRO:0001573 or assume its recipe/conditions from an acronym. Chemical identity remains unresolved; this disposition neither redirects the existing object nor changes the source assertion.
sha256:0c6ff730a108720a5d6972400f2bccf2eca8621713b62736abdf5df0fb188c95#record=5892	a09200540c8996cc9556b53e7a8dcdb894d8f6788280e9ffc72c6ea1b0742c07	lpsn:783806	Bergey_Substrates_for_end_products	PYG	https://doi.org/10.1002/9781118960608.gbm00629	kgmicrobe.compound:pyg	biolink:consumes	RO:0002438	infores:bergey-manual	knowledge_assertion	manual_agent	backslash	reported_culture_medium	unresolved	false	https://doi.org/10.1002/9781118960608.gbm00629|https://purl.obolibrary.org/obo/MICRO_0001573|https://github.com/CultureBotAI/MediaIngredientMech/blob/1848b0fe521bc2462f165912fcf92d09ad9a8cec/data/ingredients/mapped/PYG.yaml	Keep source-scoped named-medium context; do not exact-map all observations to MICRO:0001573 or assume its recipe/conditions from an acronym. Chemical identity remains unresolved; this disposition neither redirects the existing object nor changes the source assertion.
sha256:0c6ff730a108720a5d6972400f2bccf2eca8621713b62736abdf5df0fb188c95#record=5895	6d1cebc8e6834d85f0743a701a7f4a92d2687885f9232a4fdc563f48b7b22a63	lpsn:783809	Bergey_Substrates_for_end_products	PYG	https://doi.org/10.1002/9781118960608.gbm00629	kgmicrobe.compound:pyg	biolink:consumes	RO:0002438	infores:bergey-manual	knowledge_assertion	manual_agent	backslash	reported_culture_medium	unresolved	false	https://doi.org/10.1002/9781118960608.gbm00629|https://purl.obolibrary.org/obo/MICRO_0001573|https://github.com/CultureBotAI/MediaIngredientMech/blob/1848b0fe521bc2462f165912fcf92d09ad9a8cec/data/ingredients/mapped/PYG.yaml	Keep source-scoped named-medium context; do not exact-map all observations to MICRO:0001573 or assume its recipe/conditions from an acronym. Chemical identity remains unresolved; this disposition neither redirects the existing object nor changes the source assertion.
sha256:0c6ff730a108720a5d6972400f2bccf2eca8621713b62736abdf5df0fb188c95#record=5896	ba115c6dbc5c496eaf2468eb36b77805c0941cc7a5008cfbab397bd5e69adf3a	lpsn:776088	Bergey_Substrates_for_end_products	PYG	https://doi.org/10.1002/9781118960608.gbm00629	kgmicrobe.compound:pyg	biolink:consumes	RO:0002438	infores:bergey-manual	knowledge_assertion	manual_agent	backslash	reported_culture_medium	unresolved	false	https://doi.org/10.1002/9781118960608.gbm00629|https://purl.obolibrary.org/obo/MICRO_0001573|https://github.com/CultureBotAI/MediaIngredientMech/blob/1848b0fe521bc2462f165912fcf92d09ad9a8cec/data/ingredients/mapped/PYG.yaml	Keep source-scoped named-medium context; do not exact-map all observations to MICRO:0001573 or assume its recipe/conditions from an acronym. Chemical identity remains unresolved; this disposition neither redirects the existing object nor changes the source assertion.
sha256:0c6ff730a108720a5d6972400f2bccf2eca8621713b62736abdf5df0fb188c95#record=5899	616fb181ce5451768ff758109ac4b9f1755afc217b9ab2fcad327c858a59c62e	lpsn:776090	Bergey_Substrates_for_end_products	PYG	https://doi.org/10.1002/9781118960608.gbm00629	kgmicrobe.compound:pyg	biolink:consumes	RO:0002438	infores:bergey-manual	knowledge_assertion	manual_agent	backslash	reported_culture_medium	unresolved	false	https://doi.org/10.1002/9781118960608.gbm00629|https://purl.obolibrary.org/obo/MICRO_0001573|https://github.com/CultureBotAI/MediaIngredientMech/blob/1848b0fe521bc2462f165912fcf92d09ad9a8cec/data/ingredients/mapped/PYG.yaml	Keep source-scoped named-medium context; do not exact-map all observations to MICRO:0001573 or assume its recipe/conditions from an acronym. Chemical identity remains unresolved; this disposition neither redirects the existing object nor changes the source assertion.
sha256:0c6ff730a108720a5d6972400f2bccf2eca8621713b62736abdf5df0fb188c95#record=5900	340bed2f043fc4945eaf7bec5d25231d57e16f129035582c7a4c4eba765c178e	lpsn:776092	Bergey_Substrates_for_end_products	PYG	https://doi.org/10.1002/9781118960608.gbm00629	kgmicrobe.compound:pyg	biolink:consumes	RO:0002438	infores:bergey-manual	knowledge_assertion	manual_agent	backslash	reported_culture_medium	unresolved	false	https://doi.org/10.1002/9781118960608.gbm00629|https://purl.obolibrary.org/obo/MICRO_0001573|https://github.com/CultureBotAI/MediaIngredientMech/blob/1848b0fe521bc2462f165912fcf92d09ad9a8cec/data/ingredients/mapped/PYG.yaml	Keep source-scoped named-medium context; do not exact-map all observations to MICRO:0001573 or assume its recipe/conditions from an acronym. Chemical identity remains unresolved; this disposition neither redirects the existing object nor changes the source assertion.
sha256:0c6ff730a108720a5d6972400f2bccf2eca8621713b62736abdf5df0fb188c95#record=5902	478a202af874ce5aca8db890af201046883e6503fa611b7272b84875af452b4f	lpsn:783812	Bergey_Substrates_for_end_products	PYG	https://doi.org/10.1002/9781118960608.gbm00629	kgmicrobe.compound:pyg	biolink:consumes	RO:0002438	infores:bergey-manual	knowledge_assertion	manual_agent	backslash	reported_culture_medium	unresolved	false	https://doi.org/10.1002/9781118960608.gbm00629|https://purl.obolibrary.org/obo/MICRO_0001573|https://github.com/CultureBotAI/MediaIngredientMech/blob/1848b0fe521bc2462f165912fcf92d09ad9a8cec/data/ingredients/mapped/PYG.yaml	Keep source-scoped named-medium context; do not exact-map all observations to MICRO:0001573 or assume its recipe/conditions from an acronym. Chemical identity remains unresolved; this disposition neither redirects the existing object nor changes the source assertion.
sha256:0c6ff730a108720a5d6972400f2bccf2eca8621713b62736abdf5df0fb188c95#record=5904	c75892b5bd4f8594e74409a1d70eb4cf7e364bd3585dd84e558e1255a6f92e04	lpsn:776097	Bergey_Substrates_for_end_products	PYG	https://doi.org/10.1002/9781118960608.gbm00629	kgmicrobe.compound:pyg	biolink:consumes	RO:0002438	infores:bergey-manual	knowledge_assertion	manual_agent	backslash	reported_culture_medium	unresolved	false	https://doi.org/10.1002/9781118960608.gbm00629|https://purl.obolibrary.org/obo/MICRO_0001573|https://github.com/CultureBotAI/MediaIngredientMech/blob/1848b0fe521bc2462f165912fcf92d09ad9a8cec/data/ingredients/mapped/PYG.yaml	Keep source-scoped named-medium context; do not exact-map all observations to MICRO:0001573 or assume its recipe/conditions from an acronym. Chemical identity remains unresolved; this disposition neither redirects the existing object nor changes the source assertion.
sha256:0c6ff730a108720a5d6972400f2bccf2eca8621713b62736abdf5df0fb188c95#record=5906	9e2f498d29204c1a0c2c11ad9281aaf6b62a221cd1d2b48eabc301b4c480628e	lpsn:783814	Bergey_Substrates_for_end_products	PYG	https://doi.org/10.1002/9781118960608.gbm00629	kgmicrobe.compound:pyg	biolink:consumes	RO:0002438	infores:bergey-manual	knowledge_assertion	manual_agent	backslash	reported_culture_medium	unresolved	false	https://doi.org/10.1002/9781118960608.gbm00629|https://purl.obolibrary.org/obo/MICRO_0001573|https://github.com/CultureBotAI/MediaIngredientMech/blob/1848b0fe521bc2462f165912fcf92d09ad9a8cec/data/ingredients/mapped/PYG.yaml	Keep source-scoped named-medium context; do not exact-map all observations to MICRO:0001573 or assume its recipe/conditions from an acronym. Chemical identity remains unresolved; this disposition neither redirects the existing object nor changes the source assertion.
sha256:0c6ff730a108720a5d6972400f2bccf2eca8621713b62736abdf5df0fb188c95#record=5908	64fb4eafac3621a57ae28378ab29233fa08a5fbb4c7123126359275672c53d4b	lpsn:783815	Bergey_Substrates_for_end_products	PYG	https://doi.org/10.1002/9781118960608.gbm00629	kgmicrobe.compound:pyg	biolink:consumes	RO:0002438	infores:bergey-manual	knowledge_assertion	manual_agent	backslash	reported_culture_medium	unresolved	false	https://doi.org/10.1002/9781118960608.gbm00629|https://purl.obolibrary.org/obo/MICRO_0001573|https://github.com/CultureBotAI/MediaIngredientMech/blob/1848b0fe521bc2462f165912fcf92d09ad9a8cec/data/ingredients/mapped/PYG.yaml	Keep source-scoped named-medium context; do not exact-map all observations to MICRO:0001573 or assume its recipe/conditions from an acronym. Chemical identity remains unresolved; this disposition neither redirects the existing object nor changes the source assertion.
sha256:0c6ff730a108720a5d6972400f2bccf2eca8621713b62736abdf5df0fb188c95#record=5909	832ee1b051a77899fbea2803255f0658a8ad6bdfc76afc4ccc95e394ead5cc17	lpsn:776105	Bergey_Substrates_for_end_products	PYG	https://doi.org/10.1002/9781118960608.gbm00629	kgmicrobe.compound:pyg	biolink:consumes	RO:0002438	infores:bergey-manual	knowledge_assertion	manual_agent	backslash	reported_culture_medium	unresolved	false	https://doi.org/10.1002/9781118960608.gbm00629|https://purl.obolibrary.org/obo/MICRO_0001573|https://github.com/CultureBotAI/MediaIngredientMech/blob/1848b0fe521bc2462f165912fcf92d09ad9a8cec/data/ingredients/mapped/PYG.yaml	Keep source-scoped named-medium context; do not exact-map all observations to MICRO:0001573 or assume its recipe/conditions from an acronym. Chemical identity remains unresolved; this disposition neither redirects the existing object nor changes the source assertion.
sha256:0c6ff730a108720a5d6972400f2bccf2eca8621713b62736abdf5df0fb188c95#record=5910	5d9138b1aafd7e46df96203ddd4fc3b547084435d9926b42e28cc2921f67043c	lpsn:776107	Bergey_Substrates_for_end_products	PYG	https://doi.org/10.1002/9781118960608.gbm00629	kgmicrobe.compound:pyg	biolink:consumes	RO:0002438	infores:bergey-manual	knowledge_assertion	manual_agent	backslash	reported_culture_medium	unresolved	false	https://doi.org/10.1002/9781118960608.gbm00629|https://purl.obolibrary.org/obo/MICRO_0001573|https://github.com/CultureBotAI/MediaIngredientMech/blob/1848b0fe521bc2462f165912fcf92d09ad9a8cec/data/ingredients/mapped/PYG.yaml	Keep source-scoped named-medium context; do not exact-map all observations to MICRO:0001573 or assume its recipe/conditions from an acronym. Chemical identity remains unresolved; this disposition neither redirects the existing object nor changes the source assertion.
sha256:0c6ff730a108720a5d6972400f2bccf2eca8621713b62736abdf5df0fb188c95#record=5911	325098661cd908f87109ed5d0c9b2a974f5a4c069d077f86b5059386b04e9e94	lpsn:783818	Bergey_Substrates_for_end_products	PYG	https://doi.org/10.1002/9781118960608.gbm00629	kgmicrobe.compound:pyg	biolink:consumes	RO:0002438	infores:bergey-manual	knowledge_assertion	manual_agent	backslash	reported_culture_medium	unresolved	false	https://doi.org/10.1002/9781118960608.gbm00629|https://purl.obolibrary.org/obo/MICRO_0001573|https://github.com/CultureBotAI/MediaIngredientMech/blob/1848b0fe521bc2462f165912fcf92d09ad9a8cec/data/ingredients/mapped/PYG.yaml	Keep source-scoped named-medium context; do not exact-map all observations to MICRO:0001573 or assume its recipe/conditions from an acronym. Chemical identity remains unresolved; this disposition neither redirects the existing object nor changes the source assertion.
sha256:0c6ff730a108720a5d6972400f2bccf2eca8621713b62736abdf5df0fb188c95#record=5912	481c9e99a67132ead9a7fdf8437b5f833c5a06f28c4db543ac5335aab66c334e	lpsn:776108	Bergey_Substrates_for_end_products	PYG	https://doi.org/10.1002/9781118960608.gbm00629	kgmicrobe.compound:pyg	biolink:consumes	RO:0002438	infores:bergey-manual	knowledge_assertion	manual_agent	backslash	reported_culture_medium	unresolved	false	https://doi.org/10.1002/9781118960608.gbm00629|https://purl.obolibrary.org/obo/MICRO_0001573|https://github.com/CultureBotAI/MediaIngredientMech/blob/1848b0fe521bc2462f165912fcf92d09ad9a8cec/data/ingredients/mapped/PYG.yaml	Keep source-scoped named-medium context; do not exact-map all observations to MICRO:0001573 or assume its recipe/conditions from an acronym. Chemical identity remains unresolved; this disposition neither redirects the existing object nor changes the source assertion.
sha256:0c6ff730a108720a5d6972400f2bccf2eca8621713b62736abdf5df0fb188c95#record=5914	0b5ec897eb4c53b9ed821a8562dd4e9639ac00ab7091f6bd217d21f7aa916c07	lpsn:783821	Bergey_Substrates_for_end_products	PYG	https://doi.org/10.1002/9781118960608.gbm00629	kgmicrobe.compound:pyg	biolink:consumes	RO:0002438	infores:bergey-manual	knowledge_assertion	manual_agent	backslash	reported_culture_medium	unresolved	false	https://doi.org/10.1002/9781118960608.gbm00629|https://purl.obolibrary.org/obo/MICRO_0001573|https://github.com/CultureBotAI/MediaIngredientMech/blob/1848b0fe521bc2462f165912fcf92d09ad9a8cec/data/ingredients/mapped/PYG.yaml	Keep source-scoped named-medium context; do not exact-map all observations to MICRO:0001573 or assume its recipe/conditions from an acronym. Chemical identity remains unresolved; this disposition neither redirects the existing object nor changes the source assertion.
sha256:0c6ff730a108720a5d6972400f2bccf2eca8621713b62736abdf5df0fb188c95#record=5915	76652c6370c5e91cc6e5a2380fb11adeb3c84a7c18e31138f0c92a491b8f1d80	lpsn:783822	Bergey_Substrates_for_end_products	PYG	https://doi.org/10.1002/9781118960608.gbm00629	kgmicrobe.compound:pyg	biolink:consumes	RO:0002438	infores:bergey-manual	knowledge_assertion	manual_agent	backslash	reported_culture_medium	unresolved	false	https://doi.org/10.1002/9781118960608.gbm00629|https://purl.obolibrary.org/obo/MICRO_0001573|https://github.com/CultureBotAI/MediaIngredientMech/blob/1848b0fe521bc2462f165912fcf92d09ad9a8cec/data/ingredients/mapped/PYG.yaml	Keep source-scoped named-medium context; do not exact-map all observations to MICRO:0001573 or assume its recipe/conditions from an acronym. Chemical identity remains unresolved; this disposition neither redirects the existing object nor changes the source assertion.
sha256:0c6ff730a108720a5d6972400f2bccf2eca8621713b62736abdf5df0fb188c95#record=5916	897a8b2808aa7b5d2f3387e1ee0b4fa85189c8b22f4c3ad8f7702d51e00cf947	lpsn:783823	Bergey_Substrates_for_end_products	PYG	https://doi.org/10.1002/9781118960608.gbm00629	kgmicrobe.compound:pyg	biolink:consumes	RO:0002438	infores:bergey-manual	knowledge_assertion	manual_agent	backslash	reported_culture_medium	unresolved	false	https://doi.org/10.1002/9781118960608.gbm00629|https://purl.obolibrary.org/obo/MICRO_0001573|https://github.com/CultureBotAI/MediaIngredientMech/blob/1848b0fe521bc2462f165912fcf92d09ad9a8cec/data/ingredients/mapped/PYG.yaml	Keep source-scoped named-medium context; do not exact-map all observations to MICRO:0001573 or assume its recipe/conditions from an acronym. Chemical identity remains unresolved; this disposition neither redirects the existing object nor changes the source assertion.
sha256:0c6ff730a108720a5d6972400f2bccf2eca8621713b62736abdf5df0fb188c95#record=5986	03987f8c81ad93a4f2b272302ff7243c52e35d69cd3a9e553e1b93be3a4b0492	lpsn:795294	Bergey_Substrates_for_end_products	PYG	https://doi.org/10.1002/9781118960608.gbm00629	kgmicrobe.compound:pyg	biolink:consumes	RO:0002438	infores:bergey-manual	knowledge_assertion	manual_agent	backslash	reported_culture_medium	unresolved	false	https://doi.org/10.1002/9781118960608.gbm00629|https://purl.obolibrary.org/obo/MICRO_0001573|https://github.com/CultureBotAI/MediaIngredientMech/blob/1848b0fe521bc2462f165912fcf92d09ad9a8cec/data/ingredients/mapped/PYG.yaml	Keep source-scoped named-medium context; do not exact-map all observations to MICRO:0001573 or assume its recipe/conditions from an acronym. Chemical identity remains unresolved; this disposition neither redirects the existing object nor changes the source assertion.
sha256:0c6ff730a108720a5d6972400f2bccf2eca8621713b62736abdf5df0fb188c95#record=5988	45d0c007da5c01bdd473424ec0a910a918785d0f81f54aa5576556e0c9d75265	lpsn:795295	Bergey_Substrates_for_end_products	PYG	https://doi.org/10.1002/9781118960608.gbm00629	kgmicrobe.compound:pyg	biolink:consumes	RO:0002438	infores:bergey-manual	knowledge_assertion	manual_agent	backslash	reported_culture_medium	unresolved	false	https://doi.org/10.1002/9781118960608.gbm00629|https://purl.obolibrary.org/obo/MICRO_0001573|https://github.com/CultureBotAI/MediaIngredientMech/blob/1848b0fe521bc2462f165912fcf92d09ad9a8cec/data/ingredients/mapped/PYG.yaml	Keep source-scoped named-medium context; do not exact-map all observations to MICRO:0001573 or assume its recipe/conditions from an acronym. Chemical identity remains unresolved; this disposition neither redirects the existing object nor changes the source assertion.
sha256:0c6ff730a108720a5d6972400f2bccf2eca8621713b62736abdf5df0fb188c95#record=5997	657e756df61f22b81ba7f1df2758f0715de59b819ab4b1f431f732a8d245e67a	lpsn:792305	Bergey_Substrates_for_end_products	PYG	https://doi.org/10.1002/9781118960608.gbm00629	kgmicrobe.compound:pyg	biolink:consumes	RO:0002438	infores:bergey-manual	knowledge_assertion	manual_agent	backslash	reported_culture_medium	unresolved	false	https://doi.org/10.1002/9781118960608.gbm00629|https://purl.obolibrary.org/obo/MICRO_0001573|https://github.com/CultureBotAI/MediaIngredientMech/blob/1848b0fe521bc2462f165912fcf92d09ad9a8cec/data/ingredients/mapped/PYG.yaml	Keep source-scoped named-medium context; do not exact-map all observations to MICRO:0001573 or assume its recipe/conditions from an acronym. Chemical identity remains unresolved; this disposition neither redirects the existing object nor changes the source assertion.
sha256:0c6ff730a108720a5d6972400f2bccf2eca8621713b62736abdf5df0fb188c95#record=6108	96da1a12f3353397fa69ffbbf0e595a084e9d24963401b85ecd93b6cd5d511c2	lpsn:776204	Bergey_Substrates_for_end_products	CMC + PY + horse serum	https://doi.org/10.1002/9781118960608.gbm00667	kgmicrobe.compound:cmc_py_horse_serum	biolink:consumes	RO:0002438	infores:bergey-manual	knowledge_assertion	manual_agent	backslash	reported_combined_culture_context	unresolved	false	https://doi.org/10.1002/9781118960608.gbm00667|https://doi.org/10.1099/00207713-29-3-241|https://github.com/CultureBotAI/MediaIngredientMech/blob/1848b0fe521bc2462f165912fcf92d09ad9a8cec/data/ingredients/unmapped/CMC_PY_Horse_Serum.yaml	Record 6108 requires separate cooked-meat-carbohydrate and peptone-yeast-extract preparation contexts with horse-serum supplementation; no single-mixture identity and no carboxymethylcellulose expansion. Chemical identity remains unresolved; this disposition neither redirects the existing object nor changes the source assertion.
sha256:0c6ff730a108720a5d6972400f2bccf2eca8621713b62736abdf5df0fb188c95#record=6553	48de3af6b8fc8f4df0200bc6a0ef6b711366cc3f3a34219712596212769dcabd	lpsn:788422	Bergey_Substrates_for_end_products	PYG	https://doi.org/10.1002/9781118960608.gbm01733	kgmicrobe.compound:pyg	biolink:consumes	RO:0002438	infores:bergey-manual	knowledge_assertion	manual_agent	backslash	reported_culture_medium	unresolved	false	https://doi.org/10.1002/9781118960608.gbm01733|https://purl.obolibrary.org/obo/MICRO_0001573|https://github.com/CultureBotAI/MediaIngredientMech/blob/1848b0fe521bc2462f165912fcf92d09ad9a8cec/data/ingredients/mapped/PYG.yaml	Keep source-scoped named-medium context; do not exact-map all observations to MICRO:0001573 or assume its recipe/conditions from an acronym. Chemical identity remains unresolved; this disposition neither redirects the existing object nor changes the source assertion.
sha256:0c6ff730a108720a5d6972400f2bccf2eca8621713b62736abdf5df0fb188c95#record=6755	534ca30a0a7449d65721ddf88a445af0cfb13b2da54fd09f415e91621a5d8f16	lpsn:776401	Bergey_Substrates_for_end_products	PYG	https://doi.org/10.1002/9781118960608.gbm00768	kgmicrobe.compound:pyg	biolink:consumes	RO:0002438	infores:bergey-manual	knowledge_assertion	manual_agent	backslash	reported_culture_medium	unresolved	false	https://doi.org/10.1002/9781118960608.gbm00768|https://purl.obolibrary.org/obo/MICRO_0001573|https://github.com/CultureBotAI/MediaIngredientMech/blob/1848b0fe521bc2462f165912fcf92d09ad9a8cec/data/ingredients/mapped/PYG.yaml	Keep source-scoped named-medium context; do not exact-map all observations to MICRO:0001573 or assume its recipe/conditions from an acronym. Chemical identity remains unresolved; this disposition neither redirects the existing object nor changes the source assertion.
sha256:0c6ff730a108720a5d6972400f2bccf2eca8621713b62736abdf5df0fb188c95#record=6810	83b809a0620d0902107d6e6e680c0bf0fa42de6eea741deffc6aac2c37583cd1	lpsn:776427	Bergey_Substrates_for_end_products	sugar	https://doi.org/10.1002/9781118960608.gbm00020	kgmicrobe.compound:microbedecoder_unresolved_e70afedebc63b126613fa7f69e55fcb21b4c504a87bb1c495f57f34a7bb811b2	biolink:consumes	RO:0002438	infores:bergey-manual	knowledge_assertion	manual_agent	backslash	approved_record_scoped_unresolved	unresolved	false	https://doi.org/10.1002/9781118960608.gbm00020	Preserve existing record 6810 node and original citation exactly; user explicitly chose record-scoped unresolved identity; never merge with record1200 or substitute NCIT:C71939. Chemical identity remains unresolved; this disposition neither redirects the existing object nor changes the source assertion.
sha256:0c6ff730a108720a5d6972400f2bccf2eca8621713b62736abdf5df0fb188c95#record=7186	3a15813846ce4ca0fd9e78c77a98e98b767b0c2ae99a4860f5e1073ec91a9455	lpsn:795691	Bergey_Substrates_for_end_products	PYG	https://doi.org/10.1002/9781118960608.gbm00619	kgmicrobe.compound:pyg	biolink:consumes	RO:0002438	infores:bergey-manual	knowledge_assertion	manual_agent	backslash	reported_culture_medium	unresolved	false	https://doi.org/10.1002/9781118960608.gbm00619|https://purl.obolibrary.org/obo/MICRO_0001573|https://github.com/CultureBotAI/MediaIngredientMech/blob/1848b0fe521bc2462f165912fcf92d09ad9a8cec/data/ingredients/mapped/PYG.yaml	Keep source-scoped named-medium context; do not exact-map all observations to MICRO:0001573 or assume its recipe/conditions from an acronym. Chemical identity remains unresolved; this disposition neither redirects the existing object nor changes the source assertion.
sha256:0c6ff730a108720a5d6972400f2bccf2eca8621713b62736abdf5df0fb188c95#record=7542	1ae5ffb90b718e293354059e76baae5b1977bbbe4d7d433f2bc38726ee8ef968	lpsn:793818	Bergey_Substrates_for_end_products	PYG	https://doi.org/10.1002/9781118960608.gbm01634	kgmicrobe.compound:pyg	biolink:consumes	RO:0002438	infores:bergey-manual	knowledge_assertion	manual_agent	backslash	reported_culture_medium	unresolved	false	https://doi.org/10.1002/9781118960608.gbm01634|https://purl.obolibrary.org/obo/MICRO_0001573|https://github.com/CultureBotAI/MediaIngredientMech/blob/1848b0fe521bc2462f165912fcf92d09ad9a8cec/data/ingredients/mapped/PYG.yaml	Keep source-scoped named-medium context; do not exact-map all observations to MICRO:0001573 or assume its recipe/conditions from an acronym. Chemical identity remains unresolved; this disposition neither redirects the existing object nor changes the source assertion.
sha256:0c6ff730a108720a5d6972400f2bccf2eca8621713b62736abdf5df0fb188c95#record=7892	123e769ed33fea96384ad796f397d6b4762f7ff5d2316d4534c54b8302f23129	lpsn:793806	Bergey_Substrates_for_end_products	PYG	https://doi.org/10.1002/9781118960608.gbm00619	kgmicrobe.compound:pyg	biolink:consumes	RO:0002438	infores:bergey-manual	knowledge_assertion	manual_agent	backslash	reported_culture_medium	unresolved	false	https://doi.org/10.1002/9781118960608.gbm00619|https://purl.obolibrary.org/obo/MICRO_0001573|https://github.com/CultureBotAI/MediaIngredientMech/blob/1848b0fe521bc2462f165912fcf92d09ad9a8cec/data/ingredients/mapped/PYG.yaml	Keep source-scoped named-medium context; do not exact-map all observations to MICRO:0001573 or assume its recipe/conditions from an acronym. Chemical identity remains unresolved; this disposition neither redirects the existing object nor changes the source assertion.
sha256:0c6ff730a108720a5d6972400f2bccf2eca8621713b62736abdf5df0fb188c95#record=839	4afd689e656634eaa70003460105290f0283de02714877d655ef613018b0ce6a	lpsn:793828	Bergey_Substrates_for_end_products	PYG	https://doi.org/10.1002/9781118960608.gbm00629	kgmicrobe.compound:pyg	biolink:consumes	RO:0002438	infores:bergey-manual	knowledge_assertion	manual_agent	backslash	reported_culture_medium	unresolved	false	https://doi.org/10.1002/9781118960608.gbm00629|https://purl.obolibrary.org/obo/MICRO_0001573|https://github.com/CultureBotAI/MediaIngredientMech/blob/1848b0fe521bc2462f165912fcf92d09ad9a8cec/data/ingredients/mapped/PYG.yaml	Keep source-scoped named-medium context; do not exact-map all observations to MICRO:0001573 or assume its recipe/conditions from an acronym. Chemical identity remains unresolved; this disposition neither redirects the existing object nor changes the source assertion.
sha256:0c6ff730a108720a5d6972400f2bccf2eca8621713b62736abdf5df0fb188c95#record=8851	95069b5f4e7576305cc1631f9a77d4c46313233f638516c04d116b3f97bc30b4	lpsn:7862	Bergey_Substrates_for_end_products	PYG	https://doi.org/10.1002/9781118960608.gbm00629	kgmicrobe.compound:pyg	biolink:consumes	RO:0002438	infores:bergey-manual	knowledge_assertion	manual_agent	backslash	reported_culture_medium	unresolved	false	https://doi.org/10.1002/9781118960608.gbm00629|https://purl.obolibrary.org/obo/MICRO_0001573|https://github.com/CultureBotAI/MediaIngredientMech/blob/1848b0fe521bc2462f165912fcf92d09ad9a8cec/data/ingredients/mapped/PYG.yaml	Keep source-scoped named-medium context; do not exact-map all observations to MICRO:0001573 or assume its recipe/conditions from an acronym. Chemical identity remains unresolved; this disposition neither redirects the existing object nor changes the source assertion.
sha256:0c6ff730a108720a5d6972400f2bccf2eca8621713b62736abdf5df0fb188c95#record=8883	82fb32fffc48fbddfae95900805bf7ffbc46a4039b77f1697e67c1ac24d2f946	lpsn:5942	Bergey_Substrates_for_end_products	PYGS	https://doi.org/10.1002/9781118960608.gbm00619	kgmicrobe.compound:pygs	biolink:consumes	RO:0002438	infores:bergey-manual	knowledge_assertion	manual_agent	backslash	reviewed_source_culture_medium	unresolved	false	https://doi.org/10.1002/9781118960608.gbm00619|https://doi.org/10.1099/00207713-50-2-623|https://github.com/CultureBotAI/MediaIngredientMech/blob/1848b0fe521bc2462f165912fcf92d09ad9a8cec/data/ingredients/mapped/PYGS.yaml	For full pinned records 8883/4104/4109 only, expand medium name as peptone-yeast extract-glucose-starch broth; retain unknown recipe quantities and do not infer component-specific consumption. Chemical identity remains unresolved; this disposition neither redirects the existing object nor changes the source assertion.
sha256:0c6ff730a108720a5d6972400f2bccf2eca8621713b62736abdf5df0fb188c95#record=8887	5c5ee0435314bf1bfb9f2859ad2481b6f9d4c53639e2d2d42e9dc6758aa8b484	lpsn:5951	Bergey_Substrates_for_end_products	PYG	https://doi.org/10.1002/9781118960608.gbm00619	kgmicrobe.compound:pyg	biolink:consumes	RO:0002438	infores:bergey-manual	knowledge_assertion	manual_agent	backslash	reported_culture_medium	unresolved	false	https://doi.org/10.1002/9781118960608.gbm00619|https://purl.obolibrary.org/obo/MICRO_0001573|https://github.com/CultureBotAI/MediaIngredientMech/blob/1848b0fe521bc2462f165912fcf92d09ad9a8cec/data/ingredients/mapped/PYG.yaml	Keep source-scoped named-medium context; do not exact-map all observations to MICRO:0001573 or assume its recipe/conditions from an acronym. Chemical identity remains unresolved; this disposition neither redirects the existing object nor changes the source assertion.
sha256:0c6ff730a108720a5d6972400f2bccf2eca8621713b62736abdf5df0fb188c95#record=8888	1adab2678a5180d9516cb5b3b03208722ca629719087ff8bf010bd627f4bc96a	lpsn:5953	Bergey_Substrates_for_end_products	PYG	https://doi.org/10.1002/9781118960608.gbm00619	kgmicrobe.compound:pyg	biolink:consumes	RO:0002438	infores:bergey-manual	knowledge_assertion	manual_agent	backslash	reported_culture_medium	unresolved	false	https://doi.org/10.1002/9781118960608.gbm00619|https://purl.obolibrary.org/obo/MICRO_0001573|https://github.com/CultureBotAI/MediaIngredientMech/blob/1848b0fe521bc2462f165912fcf92d09ad9a8cec/data/ingredients/mapped/PYG.yaml	Keep source-scoped named-medium context; do not exact-map all observations to MICRO:0001573 or assume its recipe/conditions from an acronym. Chemical identity remains unresolved; this disposition neither redirects the existing object nor changes the source assertion.
sha256:0c6ff730a108720a5d6972400f2bccf2eca8621713b62736abdf5df0fb188c95#record=8890	cd032199ca84641ee081fc84e9529095deae95cfc39bcd678c072126cace3f79	lpsn:5954	Bergey_Substrates_for_end_products	PYG	https://doi.org/10.1002/9781118960608.gbm00619	kgmicrobe.compound:pyg	biolink:consumes	RO:0002438	infores:bergey-manual	knowledge_assertion	manual_agent	backslash	reported_culture_medium	unresolved	false	https://doi.org/10.1002/9781118960608.gbm00619|https://purl.obolibrary.org/obo/MICRO_0001573|https://github.com/CultureBotAI/MediaIngredientMech/blob/1848b0fe521bc2462f165912fcf92d09ad9a8cec/data/ingredients/mapped/PYG.yaml	Keep source-scoped named-medium context; do not exact-map all observations to MICRO:0001573 or assume its recipe/conditions from an acronym. Chemical identity remains unresolved; this disposition neither redirects the existing object nor changes the source assertion.
sha256:0c6ff730a108720a5d6972400f2bccf2eca8621713b62736abdf5df0fb188c95#record=8892	c64508425eecbaf14b1d052383b3d113d6114caf8ced827fd2f17d4c7bb82999	lpsn:5957	Bergey_Substrates_for_end_products	PYG	https://doi.org/10.1002/9781118960608.gbm00619	kgmicrobe.compound:pyg	biolink:consumes	RO:0002438	infores:bergey-manual	knowledge_assertion	manual_agent	backslash	reported_culture_medium	unresolved	false	https://doi.org/10.1002/9781118960608.gbm00619|https://purl.obolibrary.org/obo/MICRO_0001573|https://github.com/CultureBotAI/MediaIngredientMech/blob/1848b0fe521bc2462f165912fcf92d09ad9a8cec/data/ingredients/mapped/PYG.yaml	Keep source-scoped named-medium context; do not exact-map all observations to MICRO:0001573 or assume its recipe/conditions from an acronym. Chemical identity remains unresolved; this disposition neither redirects the existing object nor changes the source assertion.
